Unnamed: 0,business_id,name,address,city,state,postal_code,latitude,longitude,stars,review_count,is_open,attributes,categories,hours
1256,2pXrwBssKTp30uxbQgl6kw,St. Pete Beach,4700 Gulf Blvd,St Pete Beach,FL,33706,27.7213676,-82.740962,4.5,121,1,"{'GoodForKids': 'True', 'BikeParking': 'True', 'BusinessParking': ""{'garage': False, 'street': True, 'validated': False, 'lot': True, 'valet': False}"", 'DogsAllowed': 'False'}","Local Flavor, Parks, Beaches, Active Life","{'Monday': '6:0-6:0', 'Tuesday': '6:0-6:0', 'Wednesday': '6:0-6:0', 'Thursday': '6:0-6:0', 'Friday': '6:0-6:0', 'Saturday': '6:0-6:0', 'Sunday': '6:0-6:0'}"
1904,aZyCHVqXnz81fW1_KbFq0w,Saguaro National Park,3693 S Old Spanish Trl,Tucson,AZ,85730,32.180208,-110.7363,4.5,179,1,"{'GoodForKids': 'True', 'BusinessParking': ""{'garage': False, 'street': False, 'validated': False, 'lot': True, 'valet': False}"", 'ByAppointmentOnly': 'False', 'BikeParking': 'True'}","Active Life, Parks","{'Monday': '9:0-17:0', 'Tuesday': '9:0-17:0', 'Wednesday': '9:0-17:0', 'Thursday': '9:0-17:0', 'Friday': '9:0-17:0', 'Saturday': '9:0-17:0', 'Sunday': '9:0-17:0'}"
2940,o3HubYII2z42Bi8kokVm3A,Magic Walking Tours,441 Royal St,New Orleans,LA,70116,29.95646,-90.06633,4.5,91,0,,"Screen Printing, Hotels & Travel, Walking Tours, Landmarks & Historical Buildings, Tours, Local Services, Guest Houses, Education, Local Flavor, Public Services & Government, Printing Services, Historical Tours, Educational Services","{'Monday': '0:0-0:0', 'Tuesday': '0:0-0:0', 'Wednesday': '0:0-0:0', 'Thursday': '0:0-0:0', 'Friday': '0:0-0:0', 'Saturday': '0:0-0:0', 'Sunday': '0:0-0:0'}"
4055,hk1KO4rAxGDgwlNSAO54yA,Ballast Point Park,5300 Interbay Blvd,Tampa,FL,33611,27.8890053,-82.4812618,4.5,74,1,"{'GoodForKids': 'True', 'BusinessParking': ""{'garage': False, 'street': True, 'validated': False, 'lot': True, 'valet': False}"", 'DogsAllowed': 'True', 'ByAppointmentOnly': 'False', 'BikeParking': 'True', 'BusinessAcceptsCreditCards': 'False'}","Active Life, Playgrounds, Parks, Fishing","{'Monday': '6:0-18:0', 'Tuesday': '6:0-18:0', 'Wednesday': '6:0-18:0', 'Thursday': '6:0-18:0', 'Friday': '6:0-18:0', 'Saturday': '6:0-18:0', 'Sunday': '6:0-18:0'}"
5210,EAGJF3Tisg2NRX03oGkmDA,St. Louis Cemetery No. 1,425 Basin St,New Orleans,LA,70112,29.9593636,-90.0714433,4.0,152,1,{'BusinessAcceptsCreditCards': 'False'},"Funeral Services & Cemeteries, Historical Tours, Public Services & Government, Local Services, Landmarks & Historical Buildings, Tours, Hotels & Travel","{'Monday': '9:0-15:0', 'Tuesday': '9:0-15:0', 'Wednesday': '9:0-15:0', 'Thursday': '9:0-15:0', 'Friday': '9:0-15:0', 'Saturday': '9:0-15:0', 'Sunday': '9:0-12:0'}"
5460,yip92_y6BgpQdcX486b_RQ,Sabino Canyon,5700 N Sabino Canyon Road,Tucson,AZ,85750,32.3223716887,-110.8098631558,4.5,269,1,"{'GoodForKids': 'True', 'BikeParking': 'True', 'DogsAllowed': 'False', 'BusinessParking': ""{'garage': False, 'street': False, 'validated': False, 'lot': True, 'valet': False}"", 'WiFi': ""u'no'""}","Parks, Active Life, Hiking, Local Flavor, Hotels & Travel, Tours",
5686,6JFTijOMHB46yBoyVOjPCA,Santa Barbara County Courthouse,1100 Anacapa St,Santa Barbara,CA,93101,34.4242013,-119.7023282,4.5,251,1,"{'GoodForKids': 'True', 'BusinessParking': ""{'garage': False, 'street': True, 'validated': False, 'lot': False, 'valet': False}"", 'BikeParking': 'True'}","Courthouses, Active Life, Event Planning & Services, Landmarks & Historical Buildings, Public Services & Government, Parks, Venues & Event Spaces","{'Monday': '8:0-17:0', 'Tuesday': '8:0-17:0', 'Wednesday': '8:0-17:0', 'Thursday': '8:0-17:0', 'Friday': '8:0-17:0', 'Saturday': '10:0-16:30', 'Sunday': '10:0-16:30'}"
5712,aqTLu2dS_dG0ZUtDUH5fvg,Lafayette Square,500 St Charles Ave,New Orleans,LA,70130,29.9483169609,-90.0703486127,4.0,53,1,"{'GoodForKids': 'True', 'BikeParking': 'True', 'DogsAllowed': 'False', 'BusinessParking': ""{'garage': True, 'street': True, 'validated': False, 'lot': False, 'valet': False}""}","Parks, Active Life",
5778,9qvB4_1l81qpOHI9FHW83A,The Fly,Riverview Dr,New Orleans,LA,70118,29.9196791557,-90.1337242126,4.0,54,1,"{'GoodForKids': 'True', 'BikeParking': 'True', 'ByAppointmentOnly': 'False', 'BusinessAcceptsCreditCards': 'False', 'BusinessParking': ""{'garage': False, 'street': True, 'validated': False, 'lot': True, 'valet': False}""}","Automotive, Active Life, Parks",
6754,LUXRw-mr9emGL2gw4otvVA,Benjamin Franklin Bridge,US 676,Philadelphia,PA,08102,39.9529445595,-75.1343607903,4.5,95,1,"{'GoodForKids': 'True', 'ByAppointmentOnly': 'False'}","Automotive, Local Flavor, Active Life, Landmarks & Historical Buildings, Public Services & Government",
8297,kKk_2OAnCRbxX5rLqQYBHg,The Carter House,1140 Columbia Ave,Franklin,TN,37065,35.917102,-86.873442,4.5,57,1,"{'GoodForKids': 'True', 'BusinessParking': ""{'garage': False, 'street': False, 'validated': False, 'lot': False, 'valet': False}"", 'BikeParking': 'False'}","Parks, Arts & Entertainment, Museums, Active Life","{'Monday': '9:0-17:0', 'Tuesday': '9:0-17:0', 'Wednesday': '9:0-17:0', 'Thursday': '9:0-17:0', 'Friday': '9:0-17:0', 'Saturday': '9:0-17:0', 'Sunday': '11:0-17:0'}"
8910,fDZjJvs3sikPHqRs_4HPTg,The United States Mint,151 N Independence Mall E,Philadelphia,PA,19106,39.9533704258,-75.148115658,4.0,97,1,,"Public Services & Government, Landmarks & Historical Buildings","{'Monday': '9:0-16:30', 'Tuesday': '9:0-16:30', 'Wednesday': '9:0-16:30', 'Thursday': '9:0-16:30', 'Friday': '9:0-16:30', 'Saturday': '9:0-16:30'}"
9378,uwF2zLAnZZ1SCwEF8QQKQA,Wissahickon Valley Trail,Valley Green Rd At Wissahickon,Philadelphia,PA,19128,40.0855907865,-75.2297830582,4.5,137,1,"{'GoodForKids': 'True', 'BusinessParking': ""{'garage': False, 'street': False, 'validated': False, 'lot': True, 'valet': False}"", 'BikeParking': 'True', 'DogsAllowed': 'True'}","Hiking, Parks, Active Life",
11098,6x6rR-SErwOo3xF2AzXVHA,Newfields: A Place for Nature and the Arts,4000 N Michigan Rd,Indianapolis,IN,46208,39.8274175724,-86.1896065943,4.5,373,1,"{'BusinessParking': ""{'garage': False, 'street': False, 'validated': False, 'lot': True, 'valet': False}"", 'GoodForKids': 'True', 'RestaurantsPriceRange2': '1', 'BikeParking': 'True', 'BusinessAcceptsCreditCards': 'True', 'ByAppointmentOnly': 'False'}","Shopping, Art Galleries, Venues & Event Spaces, Event Planning & Services, Active Life, Museums, Art Museums, Botanical Gardens, Arts & Entertainment, Parks","{'Tuesday': '11:0-16:0', 'Wednesday': '11:0-16:0', 'Thursday': '11:0-16:0', 'Friday': '11:0-16:0', 'Saturday': '11:0-16:0', 'Sunday': '11:0-16:0'}"
11981,YbnJYHNp_fHbI-hcFg48vQ,Santa Barbara Adventure Company,32 E Haley St,Santa Barbara,CA,93101,34.4176812,-119.6943492,5.0,195,1,"{'GoodForKids': 'True', 'DogsAllowed': 'True', 'BusinessParking': ""{'garage': False, 'street': False, 'validated': False, 'lot': False, 'valet': False}"", 'ByAppointmentOnly': 'True', 'BikeParking': 'True', 'WiFi': ""u'no'"", 'BusinessAcceptsCreditCards': 'True'}","Tours, Boating, Hotels & Travel, Rafting/Kayaking, Parks, Travel Services, Active Life","{'Monday': '0:0-0:0', 'Tuesday': '8:0-17:0', 'Wednesday': '8:0-17:0', 'Thursday': '8:0-14:0', 'Friday': '8:0-17:0', 'Saturday': '8:0-17:0', 'Sunday': '8:0-17:0'}"
15785,1YflE3DkiCZGgLnf3paLnA,Forest Park,5595 Grand Dr,Saint Louis,MO,63112,38.6390472884,-90.2841629994,5.0,317,1,"{'GoodForKids': 'True', 'BikeParking': 'True', 'BusinessParking': ""{'garage': True, 'street': True, 'validated': False, 'lot': True, 'valet': False}"", 'DogsAllowed': 'True', 'ByAppointmentOnly': 'False'}","Zoos, Arts & Entertainment, Performing Arts, Active Life, Parks, Skating Rinks, Tennis, Museums, Public Services & Government, Golf, Landmarks & Historical Buildings","{'Monday': '6:0-22:0', 'Tuesday': '6:0-22:0', 'Wednesday': '6:0-22:0', 'Thursday': '6:0-22:0', 'Friday': '6:0-22:0', 'Saturday': '6:0-22:0', 'Sunday': '6:0-22:0'}"
17649,x7KhSb6u5PymD25iiz8-gg,Coronado Butterfly Preserve,Coronado Dr,Goleta,CA,93117,34.4278680368,-119.8931121826,4.5,78,1,"{'GoodForKids': 'True', 'BikeParking': 'True', 'BusinessParking': ""{u'valet': False, u'garage': False, u'street': True, u'lot': True, u'validated': False}""}","Active Life, Parks",
18846,N1GYsCd5QAchGOCeQ37J9g,New Orleans City Park,5 Victory Ave,New Orleans,LA,70124,29.987337,-90.097132,4.5,295,1,"{'GoodForKids': 'True', 'BikeParking': 'True', 'ByAppointmentOnly': 'False', 'DogsAllowed': 'True', 'WiFi': ""u'free'"", 'BusinessAcceptsCreditCards': 'True', 'BusinessParking': ""{'garage': False, 'street': True, 'validated': False, 'lot': False, 'valet': False}""}","Arts & Entertainment, Active Life, Parks, Venues & Event Spaces, Stadiums & Arenas, Party Equipment Rentals, Event Planning & Services",
19105,0RFb4sAljaBV2HeRXee4-A,New Orleans Botanical Garden,5 Victory Ave,New Orleans,LA,70119,29.9873342241,-90.0971324708,4.5,88,1,"{'GoodForKids': 'True', 'ByAppointmentOnly': 'False'}","Arts & Entertainment, Botanical Gardens, Active Life, Parks","{'Tuesday': '10:0-16:30', 'Wednesday': '10:0-16:30', 'Thursday': '10:0-16:30', 'Friday': '10:0-16:30', 'Saturday': '10:0-16:30', 'Sunday': '10:0-16:30'}"
19153,_-y80XtqB8fDyFtXo1mD6Q,Louisiana State Museum - The Cabildo,701 Chartres St,New Orleans,LA,70130,29.9576189,-90.0638928,4.5,79,1,{'GoodForKids': 'True'},"Landmarks & Historical Buildings, Public Services & Government, Arts & Entertainment, Museums","{'Tuesday': '9:0-16:0', 'Wednesday': '9:0-16:0', 'Thursday': '9:0-16:0', 'Friday': '9:0-16:0', 'Saturday': '9:0-16:0', 'Sunday': '9:0-16:0'}"
20494,dTwcyPcEm63U3RVK2_MvmA,Castlewood State Park,1401 Kiefer Creek Rd,Ballwin,MO,63021,38.552654,-90.543453,4.5,80,1,"{'GoodForKids': 'True', 'BusinessParking': ""{'garage': False, 'street': False, 'validated': False, 'lot': True, 'valet': False}"", 'BikeParking': 'True'}","Beaches, Hiking, Boating, Fishing, Parks, Active Life","{'Monday': '7:0-20:0', 'Tuesday': '7:0-20:0', 'Wednesday': '7:0-20:0', 'Thursday': '7:0-20:0', 'Friday': '7:0-20:0', 'Saturday': '7:0-20:0', 'Sunday': '7:0-20:0'}"
21100,u9che5TW6BzR57PTIkQgxQ,Soldiers & Sailors Monument,1 Monument Cir,Indianapolis,IN,46204,39.767884,-86.1572914,4.5,154,1,{'ByAppointmentOnly': 'False'},"Public Services & Government, Landmarks & Historical Buildings","{'Wednesday': '10:30-17:30', 'Thursday': '10:30-17:30', 'Friday': '10:30-17:30', 'Saturday': '10:30-17:30', 'Sunday': '10:30-17:30'}"
21260,aUZys3AlGeiiQSIGHCggGg,Laumeier Sculpture Park,12580 Rott Rd,Saint Louis,MO,63127,38.550188,-90.412764,4.5,125,1,"{'OutdoorSeating': 'True', 'BusinessParking': ""{'garage': False, 'street': False, 'validated': False, 'lot': True, 'valet': False}"", 'BusinessAcceptsCreditCards': 'False', 'RestaurantsPriceRange2': '1', 'BikeParking': 'False', 'GoodForKids': 'True', 'RestaurantsGoodForGroups': 'True', 'Alcohol': ""u'none'"", 'ByAppointmentOnly': 'False'}","Active Life, Museums, Arts & Entertainment, Shopping, Art Galleries, Music Venues, Nightlife, Parks","{'Monday': '8:0-17:0', 'Tuesday': '8:0-17:0', 'Wednesday': '8:0-17:0', 'Thursday': '8:0-17:0', 'Friday': '8:0-17:0', 'Saturday': '8:0-17:0', 'Sunday': '8:0-17:0'}"
23468,h4h82zIPc-kG8fYgYjlidw,City Hall,1450 John F Kennedy Blvd,Philadelphia,PA,19176,39.9523991022,-75.1635996804,4.0,90,1,{'ByAppointmentOnly': 'False'},"Landmarks & Historical Buildings, Public Services & Government, Local Flavor","{'Monday': '9:0-17:0', 'Tuesday': '9:0-17:0', 'Wednesday': '9:0-17:0', 'Thursday': '9:0-17:0', 'Friday': '9:0-17:0', 'Saturday': '11:0-16:0'}"
23727,2yHl6wl1iFa_Jo_SZcmSuw,Mission Santa Barbara,2201 Laguna St,Santa Barbara,CA,93105,34.438201,-119.713556,4.0,321,1,"{'GoodForKids': 'True', 'WiFi': ""u'no'"", 'DogsAllowed': 'True', 'ByAppointmentOnly': 'False'}","Churches, Arts & Entertainment, Museums, Religious Organizations, Landmarks & Historical Buildings, Public Services & Government","{'Monday': '9:0-17:0', 'Tuesday': '9:0-17:0', 'Wednesday': '9:0-17:0', 'Thursday': '9:0-17:0', 'Friday': '9:0-17:0', 'Saturday': '9:0-17:0', 'Sunday': '9:0-17:0'}"
25169,Q2PsfIw2sPKNlkR-0sQBpw,The Betsy Ross House,239 Arch St,Philadelphia,PA,19106,39.9522798,-75.1446095,4.0,131,1,,"Landmarks & Historical Buildings, Public Services & Government, Historical Tours, Tours, Hotels & Travel","{'Monday': '10:0-17:0', 'Wednesday': '10:0-17:0', 'Thursday': '10:0-17:0', 'Friday': '10:0-17:0', 'Saturday': '10:0-17:0', 'Sunday': '10:0-17:0'}"
25628,cjIbKTknnvvw8E7FO6SCzw,Nashville Public Library,615 Church St,Nashville,TN,37219,36.161758,-86.781608,4.5,83,1,"{'WiFi': ""u'free'""}","Landmarks & Historical Buildings, Public Services & Government, Libraries","{'Monday': '0:0-0:0', 'Tuesday': '9:0-18:0', 'Wednesday': '9:0-18:0', 'Thursday': '9:0-18:0', 'Friday': '9:0-18:0', 'Saturday': '9:0-17:0', 'Sunday': '14:0-17:0'}"
25806,sAVZbkhmIt0Am-iPJcFzig,Holliday Park,6363 Spring Mill Rd,Indianapolis,IN,46260,39.871962,-86.164927,4.5,116,1,"{'GoodForKids': 'True', 'BikeParking': 'True', 'BusinessParking': ""{'garage': False, 'street': False, 'validated': False, 'lot': True, 'valet': False}"", 'DogsAllowed': 'True'}","Parks, Active Life","{'Monday': '9:0-17:0', 'Tuesday': '9:0-17:0', 'Wednesday': '9:0-17:0', 'Thursday': '9:0-17:0', 'Friday': '9:0-17:0', 'Saturday': '9:0-17:0', 'Sunday': '13:0-17:0'}"
27698,KBkRP6gU7eqEY0wImvuzWQ,Fort De Soto Park,3500 Pinellas Bayway S,Tierra Verde,FL,33715,27.63265,-82.7189061313,4.5,333,1,"{'GoodForKids': 'True', 'BikeParking': 'True', 'BusinessParking': ""{'garage': False, 'street': True, 'validated': False, 'lot': True, 'valet': False}"", 'DogsAllowed': 'True'}","Parks, Swimming Pools, Boating, Fishing, Active Life, Beaches","{'Monday': '7:0-23:0', 'Tuesday': '7:0-23:0', 'Wednesday': '7:0-23:0', 'Thursday': '7:0-23:0', 'Friday': '7:0-23:0', 'Saturday': '7:0-23:0', 'Sunday': '7:0-23:0'}"
29101,Bawf-t1gcb4TAxS4NRSqhg,Penn Treaty Park,1199 N Delaware Ave,Philadelphia,PA,19125,39.9661152871,-75.1282826402,4.5,50,1,"{'GoodForKids': 'True', 'BusinessParking': ""{'garage': False, 'street': False, 'validated': False, 'lot': True, 'valet': False}"", 'BikeParking': 'True'}","Parks, Lakes, Active Life, Local Flavor",
31651,jNSdJeg8q2a9Xm_mJX3d8A,Eagle Creek Park,7840 W 56th St,Indianapolis,IN,46254,39.853253813,-86.2925916904,4.5,146,1,"{'GoodForKids': 'True', 'BikeParking': 'True', 'DogsAllowed': 'True', 'BusinessParking': ""{'garage': False, 'street': False, 'validated': False, 'lot': True, 'valet': False}""}","Parks, Hiking, Active Life, Boating","{'Monday': '8:0-19:0', 'Tuesday': '8:0-19:0', 'Wednesday': '8:0-19:0', 'Thursday': '8:0-19:0', 'Friday': '8:0-19:0', 'Saturday': '8:0-19:0', 'Sunday': '8:0-19:0'}"
32506,zNlJxBcmLPooXY9N2iH_6w,Arroyo Burro Beach,2981 1/2 Cliff Dr,Santa Barbara,CA,93109,34.4028358,-119.7432398,4.5,251,1,"{'GoodForKids': 'True', 'BusinessParking': ""{'garage': True, 'street': False, 'validated': False, 'lot': True, 'valet': False}"", 'BikeParking': 'True', 'DogsAllowed': 'True', 'ByAppointmentOnly': 'False'}","Parks, Beaches, Active Life",
33194,l8gsO8mMoVF7vqTDUNGeZw,Gateway Arch National Park,11 N 4th St,Saint Louis,MO,63102,38.6256744,-90.1892739,4.5,281,1,"{'RestaurantsGoodForGroups': 'True', 'OutdoorSeating': 'True', 'GoodForKids': 'True', 'Alcohol': ""u'none'"", 'RestaurantsPriceRange2': '2', 'BikeParking': 'True', 'DogsAllowed': 'False', 'RestaurantsAttire': ""u'casual'"", 'BusinessAcceptsCreditCards': 'True', 'BusinessParking': ""{u'valet': False, u'garage': True, u'street': True, u'lot': True, u'validated': False}""}","Nightlife, Landmarks & Historical Buildings, Active Life, Music Venues, Public Services & Government, Parks, Arts & Entertainment, Museums","{'Monday': '9:0-18:0', 'Tuesday': '9:0-18:0', 'Wednesday': '9:0-18:0', 'Thursday': '9:0-18:0', 'Friday': '9:0-18:0', 'Saturday': '9:0-18:0', 'Sunday': '9:0-18:0'}"
33328,d_UJWp4IlGS4sgnjE60eBw,Longwood Gardens,1001 Longwood Rd,Kennett Square,PA,19348,39.8714094093,-75.674766606,4.5,753,1,"{'BusinessAcceptsCreditCards': 'True', 'Alcohol': ""'beer_and_wine'"", 'BusinessParking': ""{'garage': False, 'street': False, 'validated': False, 'lot': True, 'valet': False}"", 'RestaurantsPriceRange2': '2', 'GoodForKids': 'True', 'OutdoorSeating': 'True', 'HappyHour': 'False', 'GoodForDancing': 'False', 'HasTV': 'False', 'RestaurantsGoodForGroups': 'True', 'WiFi': ""u'free'"", 'WheelchairAccessible': 'True', 'Smoking': ""u'no'"", 'DogsAllowed': 'False', 'BestNights': ""{'monday': True, 'tuesday': False, 'friday': False, 'wednesday': False, 'thursday': True, 'sunday': False, 'saturday': True}"", 'Music': ""{'dj': False, 'background_music': False, 'no_music': False, 'jukebox': False, 'live': False, 'video': False, 'karaoke': False}"", 'Ambience': ""{'touristy': True, 'hipster': False, 'romantic': True, 'divey': False, 'intimate': False, 'trendy': False, 'upscale': False, 'classy': True, 'casual': True}"", 'ByAppointmentOnly': 'False', 'RestaurantsAttire': ""u'casual'"", 'NoiseLevel': ""u'average'"", 'BikeParking': 'True'}","Active Life, Botanical Gardens, Performing Arts, Parks, Music Venues, Arts & Entertainment, Nightlife","{'Monday': '0:0-0:0', 'Wednesday': '10:0-17:0', 'Thursday': '10:0-17:0', 'Friday': '10:0-17:0', 'Saturday': '10:0-17:0', 'Sunday': '10:0-17:0'}"
34321,mIZX16PWCtpVkBgwXq0Qsw,Monon Community Center,1235 Central Park Dr E,Carmel,IN,46032,39.950068,-86.13594,4.0,81,1,"{'BusinessAcceptsCreditCards': 'True', 'GoodForKids': 'True', 'BikeParking': 'True', 'WheelchairAccessible': 'True', 'BusinessParking': ""{'garage': False, 'street': False, 'validated': False, 'lot': True, 'valet': False}"", 'ByAppointmentOnly': 'False'}","Gyms, Yoga, Venues & Event Spaces, Cycling Classes, Active Life, Parks, Event Planning & Services, Swimming Pools, Recreation Centers, Fitness & Instruction","{'Monday': '0:0-0:0', 'Tuesday': '5:0-22:0', 'Wednesday': '5:0-22:0', 'Thursday': '5:0-22:0', 'Friday': '5:0-22:0', 'Saturday': '7:0-13:0', 'Sunday': '7:0-20:0'}"
34372,W9dDiZnNgBwmsoue2r68Sg,Edgar Allan Poe House,532 N 7th St,Philadelphia,PA,19123,39.9620288,-75.1498375,4.5,85,1,{'GoodForKids': 'True'},"Museums, Public Services & Government, Arts & Entertainment, Landmarks & Historical Buildings","{'Friday': '13:0-17:0', 'Saturday': '13:0-17:0', 'Sunday': '13:0-17:0'}"
35014,3TmTAM1kXxFnuLgAv3cdrg,Goleta Beach Park,5986 Sandspit Rd,Goleta,CA,93117,34.4168552799,-119.8319737523,4.0,69,1,"{'GoodForKids': 'True', 'BusinessParking': ""{'garage': False, 'street': False, 'validated': False, 'lot': True, 'valet': False}"", 'BikeParking': 'True', 'DogsAllowed': 'True'}","Parks, Active Life","{'Monday': '8:0-17:0', 'Tuesday': '8:0-17:0', 'Wednesday': '8:0-17:0', 'Thursday': '8:0-17:0', 'Friday': '8:0-17:0', 'Saturday': '8:0-17:0', 'Sunday': '8:0-17:0'}"
36507,2BYieRxHbrxMzSyZbPE13w,Independence Seaport Museum,211 S Columbus Blvd,Philadelphia,PA,19106,39.9459179924,-75.1404742245,4.0,55,1,"{'GoodForKids': 'True', 'WiFi': ""u'no'""}","Public Services & Government, Landmarks & Historical Buildings, Arts & Entertainment, Museums","{'Monday': '10:0-17:0', 'Tuesday': '10:0-17:0', 'Wednesday': '10:0-17:0', 'Thursday': '10:0-17:0', 'Friday': '10:0-17:0', 'Saturday': '10:0-17:0', 'Sunday': '10:0-17:0'}"
37005,E9PHQ9oPEWs6jkhJq3JoXg,Indianapolis Canal Walk,420 W Ohio St,Indianapolis,IN,46202,39.7701062,-86.1653517,4.5,165,1,"{'GoodForKids': 'True', 'ByAppointmentOnly': 'False', 'BusinessAcceptsCreditCards': 'False', 'BikeParking': 'True', 'BusinessParking': ""{'garage': True, 'street': False, 'validated': False, 'lot': True, 'valet': False}"", 'DogsAllowed': 'True'}","Active Life, Landmarks & Historical Buildings, Public Services & Government, Hiking, Parks, Paddleboarding","{'Monday': '0:0-0:0', 'Tuesday': '0:0-0:0', 'Wednesday': '0:0-0:0', 'Thursday': '0:0-0:0', 'Friday': '0:0-0:0', 'Saturday': '0:0-0:0', 'Sunday': '0:0-0:0'}"
37219,rcD0_uJvzc8Rtbt49rvHeA,Woldenberg Park,1 Canal St,New Orleans,LA,70130,29.9510013,-90.0630718,4.0,55,1,"{'BikeParking': 'True', 'BusinessParking': ""{'garage': True, 'street': False, 'validated': False, 'lot': False, 'valet': False}"", 'BusinessAcceptsCreditCards': 'False', 'GoodForKids': 'True'}","Aquariums, Hotels & Travel, Parks, Active Life, Tours",
37467,qo1skGbgDfQN3UItla2YLw,Santa Barbara Museum of Natural History,2559 Puesta Del Sol,Santa Barbara,CA,93105,34.440915,-119.714462,4.0,119,1,"{'GoodForKids': 'True', 'BusinessAcceptsBitcoin': 'False', 'BusinessAcceptsCreditCards': 'True', 'BusinessParking': ""{'garage': False, 'street': False, 'validated': False, 'lot': True, 'valet': False}"", 'WiFi': ""u'no'"", 'WheelchairAccessible': 'True', 'DogsAllowed': 'False', 'RestaurantsAttire': ""u'casual'"", 'BikeParking': 'True', 'ByAppointmentOnly': 'False'}","Arts & Entertainment, Venues & Event Spaces, Public Services & Government, Active Life, Planetarium, Museums, Landmarks & Historical Buildings, Summer Camps, Event Planning & Services","{'Monday': '0:0-0:0', 'Wednesday': '10:0-17:0', 'Thursday': '10:0-17:0', 'Friday': '10:0-17:0', 'Saturday': '10:0-17:0', 'Sunday': '10:0-17:0'}"
37633,F9BES1HFD3BkIudUe4oTgg,Pima Air & Space Museum,6000 E Valencia Rd,Tucson,AZ,85756,32.1394160936,-110.8656293082,4.5,350,1,"{'GoodForKids': 'True', 'WiFi': ""u'no'"", 'ByAppointmentOnly': 'False', 'DogsAllowed': 'True'}","Hotels & Travel, Tours, Museums, Arts & Entertainment, Public Services & Government, Landmarks & Historical Buildings","{'Monday': '9:0-17:0', 'Tuesday': '9:0-17:0', 'Wednesday': '9:0-17:0', 'Thursday': '9:0-17:0', 'Friday': '9:0-17:0', 'Saturday': '9:0-17:0', 'Sunday': '9:0-17:0'}"
37859,3fPvGGLaH29WkXXcOPJ_NQ,Douglas Family Preserve,Medcliff Rd & Selrose Ln,Santa Barbara,CA,93109,34.3994073,-119.7342249,5.0,157,1,"{'GoodForKids': 'True', 'DogsAllowed': 'True', 'BusinessParking': ""{'garage': False, 'street': True, 'validated': False, 'lot': True, 'valet': False}"", 'BikeParking': 'False'}","Active Life, Parks",
38996,eCTxuiQaPAITUcOPextA7A,The Tampa Riverwalk,200 N Ashley Dr,Tampa,FL,33602,27.946125689,-82.4598516498,4.5,206,1,"{'ByAppointmentOnly': 'False', 'BusinessParking': ""{'garage': True, 'street': True, 'validated': False, 'lot': False, 'valet': False}"", 'DogsAllowed': 'True', 'BikeParking': 'True', 'BusinessAcceptsCreditCards': 'False', 'WheelchairAccessible': 'True', 'GoodForKids': 'True'}","Parks, Local Flavor, Active Life","{'Monday': '0:0-0:0', 'Tuesday': '0:0-0:0', 'Wednesday': '0:0-0:0', 'Thursday': '0:0-0:0', 'Friday': '0:0-0:0', 'Saturday': '0:0-0:0', 'Sunday': '0:0-0:0'}"
39270,sJkUmzdBW9K9JC3IiFP6kQ,Fort Harrison State Park,5753 Glenn Rd,Indianapolis,IN,46216,39.868397,-86.019278,4.5,115,1,"{'GoodForKids': 'True', 'RestaurantsPriceRange2': '1', 'Caters': 'False', 'DogsAllowed': 'True', 'OutdoorSeating': 'True', 'RestaurantsReservations': 'False', 'BusinessParking': ""{'garage': False, 'street': False, 'validated': False, 'lot': True, 'valet': False}"", 'BikeParking': 'True', 'BusinessAcceptsCreditCards': 'True', 'RestaurantsGoodForGroups': 'True', 'WiFi': ""u'no'"", 'Alcohol': ""u'none'"", 'RestaurantsAttire': ""u'casual'""}","Parks, Active Life","{'Monday': '7:0-20:0', 'Tuesday': '7:0-20:0', 'Wednesday': '7:0-20:0', 'Thursday': '7:0-20:0', 'Friday': '7:0-20:0', 'Saturday': '7:0-20:0', 'Sunday': '7:0-20:0'}"
39450,-2aGyAUenQEZWAtNUnMHzg,St. Louis Old Courthouse,11 N 4th St,Saint Louis,MO,63102,38.6253977722,-90.1883268572,4.5,59,1,{'GoodForKids': 'True'},"Tours, Hotels & Travel, Local Flavor, Landmarks & Historical Buildings, Public Services & Government","{'Monday': '8:0-16:30', 'Tuesday': '8:0-16:30', 'Wednesday': '8:0-16:30', 'Thursday': '8:0-16:30', 'Friday': '8:0-16:30', 'Saturday': '8:0-16:30', 'Sunday': '8:0-16:30'}"
41082,n2NVllu8mHUCCYO2sWdJ2Q,Marsh Creek State Park,675 Park Rd,Downingtown,PA,19335,40.0669486,-75.720817,4.5,50,1,"{'GoodForKids': 'True', 'BusinessParking': ""{'garage': False, 'street': False, 'validated': False, 'lot': True, 'valet': False}"", 'BikeParking': 'True'}","Active Life, Parks",
41292,kbEVlzQLcYS3JSQPG9QMOQ,Liberty Bell Center,6th St & Chesnut St,Philadelphia,PA,19106,39.9495774962,-75.1503095688,4.0,618,1,"{'GoodForKids': 'True', 'BusinessParking': ""{'garage': False, 'validated': False, 'street': False, 'lot': False, 'valet': False}"", 'ByAppointmentOnly': 'False'}","Local Services, Public Services & Government, Landmarks & Historical Buildings, Local Flavor","{'Monday': '9:0-19:0', 'Tuesday': '9:0-19:0', 'Wednesday': '9:0-19:0', 'Thursday': '9:0-19:0', 'Friday': '9:0-19:0', 'Saturday': '9:0-19:0', 'Sunday': '9:0-19:0'}"
42818,efM9aa7I7rqlalixLevDmg,Lone Elk Park,1 Lone Elk Park Rd,Valley Park,MO,63088,38.536306,-90.537642,4.5,81,1,"{'GoodForKids': 'True', 'BikeParking': 'True', 'BusinessParking': ""{'garage': False, 'street': False, 'validated': False, 'lot': True, 'valet': False}""}","Public Services & Government, Landmarks & Historical Buildings, Parks, Active Life",
43924,gQYUyfiX0q0uTnueAyeqLA,The Gateway Arch,11 N 4th St,Saint Louis,MO,63102,38.6256744,-90.1892739,4.0,568,1,"{'GoodForKids': 'True', 'ByAppointmentOnly': 'False'}","Active Life, Tours, Parks, Public Services & Government, Museums, Arts & Entertainment, Landmarks & Historical Buildings, Hotels & Travel","{'Monday': '9:0-18:0', 'Tuesday': '9:0-18:0', 'Wednesday': '9:0-18:0', 'Thursday': '9:0-18:0', 'Friday': '9:0-18:0', 'Saturday': '9:0-18:0', 'Sunday': '9:0-18:0'}"
44265,pxZAz8pv18wK_t-m8WpN0g,Spruce Street Harbor Park,121 N Columbus Blvd,Philadelphia,PA,19106,39.9445424967,-75.1414754636,4.0,385,1,"{'WheelchairAccessible': 'True', 'GoodForKids': 'True', 'BikeParking': 'True', 'DogsAllowed': 'True', 'BusinessParking': ""{'garage': False, 'street': True, 'validated': False, 'lot': True, 'valet': False}""}","Parks, Active Life","{'Monday': '17:0-22:0', 'Tuesday': '17:0-22:0', 'Wednesday': '17:0-22:0', 'Thursday': '17:0-22:0', 'Friday': '17:0-0:0', 'Saturday': '12:0-0:0', 'Sunday': '12:0-22:0'}"
44337,nbgZph_pt49eMCXbDHfXfA,Indiana War Memorial ,431 North Meridian St,Indianapolis,IN,46204,39.773386,-86.156943,4.5,55,1,,"Public Services & Government, Arts & Entertainment, Museums, Landmarks & Historical Buildings","{'Wednesday': '9:0-17:0', 'Thursday': '9:0-17:0', 'Friday': '9:0-17:0', 'Saturday': '9:0-17:0', 'Sunday': '9:0-17:0'}"
45316,f16XBh0ZDktiWNqWsPYphw,Catalina State Park,11570 N Oracle Rd,Tucson,AZ,85737,32.418663381100004,-110.9372028,4.5,99,1,"{'GoodForKids': 'True', 'ByAppointmentOnly': 'False', 'BusinessAcceptsCreditCards': 'True', 'BusinessParking': ""{'garage': False, 'street': False, 'validated': False, 'lot': True, 'valet': False}"", 'BikeParking': 'True'}","Hotels & Travel, Hiking, Active Life, Campgrounds, Parks","{'Monday': '5:0-22:0', 'Tuesday': '5:0-22:0', 'Wednesday': '5:0-22:0', 'Thursday': '5:0-22:0', 'Friday': '5:0-22:0', 'Saturday': '5:0-22:0', 'Sunday': '5:0-22:0'}"
45335,LmKpHMXSsm36viJOGVodFw,Missouri Botanical Garden,4344 Shaw Blvd,Saint Louis,MO,63110,38.616109,-90.258071,4.5,468,1,"{'WiFi': ""u'free'"", 'RestaurantsTakeOut': 'False', 'BusinessAcceptsCreditCards': 'True', 'Caters': 'False', 'RestaurantsDelivery': 'False', 'GoodForKids': 'True', 'Alcohol': 'None', 'BikeParking': 'True', 'RestaurantsAttire': ""u'casual'"", 'RestaurantsGoodForGroups': 'True', 'RestaurantsPriceRange2': '1', 'OutdoorSeating': 'True', 'RestaurantsReservations': 'False', 'ByAppointmentOnly': 'False', 'BusinessParking': ""{'garage': False, 'street': True, 'validated': False, 'lot': True, 'valet': False}"", 'HasTV': 'False', 'GoodForMeal': ""{'dessert': False, 'latenight': False, 'lunch': False, 'dinner': False, 'brunch': False, 'breakfast': False}"", 'Ambience': ""{'romantic': False, 'intimate': False, 'touristy': False, 'hipster': False, 'divey': False, 'classy': False, 'trendy': False, 'upscale': False, 'casual': False}"", 'DogsAllowed': 'False', 'NoiseLevel': ""u'average'"", 'RestaurantsTableService': 'False'}","Botanical Gardens, Tours, Hotels & Travel, Antiques, Shopping, Parks, Farmers Market, Museums, Active Life, Festivals, Home & Garden, Arts & Entertainment, Nurseries & Gardening, Food","{'Monday': '9:0-17:0', 'Tuesday': '9:0-17:0', 'Wednesday': '9:0-17:0', 'Thursday': '9:0-17:0', 'Friday': '9:0-17:0', 'Saturday': '10:0-17:0', 'Sunday': '9:0-17:0'}"
45617,BXXdejmA_rJpMD2MBKCyGA,Cathedral Basilica of Saint Louis,4431 Lindell Blvd,Saint Louis,MO,63108,38.6425078,-90.2547064,5.0,148,1,,"Churches, Landmarks & Historical Buildings, Education, Religious Organizations, Public Services & Government","{'Monday': '7:0-17:0', 'Tuesday': '7:0-17:0', 'Wednesday': '7:0-17:0', 'Thursday': '7:0-17:0', 'Friday': '7:0-17:0', 'Saturday': '7:0-17:0', 'Sunday': '7:0-17:0'}"
45984,t4Xg0j6xTJLph5Tb1VaMOw,The Butterfly House,15193 Olive Blvd,Chesterfield,MO,63017,38.6645754987,-90.5428576467,4.5,94,1,"{'GoodForKids': 'True', 'BusinessParking': ""{'garage': False, 'street': True, 'validated': False, 'lot': True, 'valet': False}"", 'BikeParking': 'True'}","Parks, Botanical Gardens, Hotels & Travel, Local Flavor, Tours, Active Life, Event Planning & Services, Venues & Event Spaces, Museums, Arts & Entertainment","{'Monday': '10:0-16:0', 'Tuesday': '10:0-16:0', 'Wednesday': '10:0-16:0', 'Thursday': '10:0-16:0', 'Friday': '10:0-16:0', 'Saturday': '10:0-16:0', 'Sunday': '10:0-16:0'}"
48342,-9ZNA22YhFlvTdLDYjvNdA,Cathedral-Basilica of St. Louis King of France,615 Pere Antoine Aly,New Orleans,LA,70116,29.9579567,-90.0636679,4.5,201,1,{'ByAppointmentOnly': 'False'},"Landmarks & Historical Buildings, Public Services & Government, Hotels & Travel, Churches, Religious Organizations, Tours",
48672,LQIoQ4ZOXFg2iCb529b_Cg,Franklin Square,200 N 6th St,Philadelphia,PA,19106,39.9556999,-75.1501373,4.0,129,1,"{'GoodForKids': 'True', 'BikeParking': 'True', 'WheelchairAccessible': 'True', 'BusinessParking': ""{'garage': False, 'street': True, 'validated': False, 'lot': False, 'valet': False}""}","Parks, Active Life","{'Monday': '10:0-22:0', 'Tuesday': '10:0-22:0', 'Wednesday': '10:0-22:0', 'Thursday': '10:0-22:0', 'Friday': '10:0-22:0', 'Saturday': '10:0-22:0', 'Sunday': '10:0-22:0'}"
49058,TdvI2kA0zslVlFS8a8YuTQ,The Sydney and Walda Besthoff Sculpture Garden,1 Collins Diboll Cir,New Orleans,LA,70124,29.985983,-90.094271,5.0,98,1,"{'BikeParking': 'True', 'BusinessParking': ""{'garage': False, 'street': False, 'validated': False, 'lot': False, 'valet': False}"", 'DogsAllowed': 'False', 'GoodForKids': 'True', 'ByAppointmentOnly': 'False'}","Active Life, Arts & Entertainment, Parks","{'Monday': '10:0-18:0', 'Tuesday': '10:0-18:0', 'Wednesday': '10:0-18:0', 'Thursday': '10:0-18:0', 'Friday': '10:0-18:0', 'Saturday': '10:0-17:0', 'Sunday': '10:0-17:0'}"
49176,yxhBKf15VrDRjNGm1Mi_eg,Newfields: 100 Acres Art and Nature Park,4000 Michigan Rd,Indianapolis,IN,46208,39.8268077738,-86.1890302058,4.5,86,1,"{'BusinessParking': ""{'garage': False, 'street': False, 'validated': False, 'lot': True, 'valet': False}"", 'DogsAllowed': 'False', 'GoodForKids': 'True', 'BikeParking': 'True'}","Hiking, Parks, Active Life","{'Monday': '8:0-18:0', 'Tuesday': '8:0-18:0', 'Wednesday': '8:0-18:0', 'Thursday': '8:0-18:0', 'Friday': '8:0-18:0', 'Saturday': '8:0-18:0', 'Sunday': '8:0-18:0'}"
50802,_Q-LbdtbUdP7uQuQ5CNjgg,John Heinz National Wildlife Refuge at Tinicum,8601 Lindbergh Blvd,Philadelphia,PA,19153,39.8915607,-75.25734,4.5,84,1,"{'GoodForKids': 'True', 'BusinessParking': ""{'garage': False, 'street': True, 'validated': False, 'lot': True, 'valet': False}"", 'DogsAllowed': 'True', 'BusinessAcceptsCreditCards': 'True', 'WheelchairAccessible': 'True', 'ByAppointmentOnly': 'False', 'WiFi': ""u'no'"", 'BikeParking': 'True'}","Landmarks & Historical Buildings, Zoos, Hiking, Public Services & Government, Parks, Education, Active Life",
52036,aFQ6VawiwxegQhVmHOVWow,Shoreline Park,1237 Shoreline Dr,Santa Barbara,CA,93109,34.3970947,-119.7064813,4.5,82,1,"{'GoodForKids': 'True', 'BikeParking': 'True', 'BusinessParking': ""{'garage': False, 'street': True, 'validated': False, 'lot': True, 'valet': False}"", 'DogsAllowed': 'True'}","Parks, Active Life",
52403,a3YGrsA5i1JSgs7g0tOefw,Garfield Park Conservatory and Sunken Gardens,2505 Conservatory Dr,Indianapolis,IN,46203,39.7322643,-86.1413638,4.5,117,1,"{'GoodForKids': 'True', 'RestaurantsAttire': ""u'casual'"", 'ByAppointmentOnly': 'False', 'BikeParking': 'True', 'DogsAllowed': 'True', 'BusinessParking': ""{'garage': False, 'street': False, 'validated': False, 'lot': True, 'valet': False}""}","Parks, Active Life, Botanical Gardens, Arts & Entertainment","{'Monday': '10:0-17:0', 'Tuesday': '10:0-17:0', 'Wednesday': '10:0-17:0', 'Thursday': '10:0-17:0', 'Friday': '10:0-17:0', 'Saturday': '10:0-17:0', 'Sunday': '13:0-17:0'}"
52912,gF89sbV7mr0SYBKetRFwwQ,Boise River Greenbelt,700 S Capitol Blvd,Boise,ID,83706,43.6077228,-116.1989268,5.0,55,1,"{'GoodForKids': 'True', 'BikeParking': 'True', 'BusinessParking': ""{'garage': False, 'street': True, 'validated': False, 'lot': False, 'valet': False}""}","Parks, Active Life, Hiking",
54612,AoaQIboLkuj0xi7g6q9-2A,The Muny,1 Theatre Dr,Saint Louis,MO,63112,38.640170956,-90.2801513672,4.5,103,1,"{'BusinessAcceptsCreditCards': 'True', 'GoodForKids': 'True'}","Performing Arts, Local Services, Active Life, Event Planning & Services, Parks, Arts & Entertainment, Community Service/Non-Profit, Stadiums & Arenas, Local Flavor","{'Monday': '0:0-0:0', 'Tuesday': '9:0-17:0', 'Wednesday': '9:0-17:0', 'Thursday': '9:0-17:0', 'Friday': '9:0-17:0'}"
55474,CBygzH3_5D_W23q9M7FaNg,Independence National Historical Park,143 S 3rd St,Philadelphia,PA,19106,39.9472668,-75.14594,4.5,148,1,"{'BusinessParking': ""{'garage': False, 'street': False, 'validated': False, 'lot': False, 'valet': False}"", 'GoodForKids': 'True', 'BikeParking': 'True'}","Landmarks & Historical Buildings, Public Services & Government","{'Monday': '8:30-18:0', 'Tuesday': '8:30-18:0', 'Wednesday': '8:30-18:0', 'Thursday': '8:30-18:0', 'Friday': '8:30-18:0', 'Saturday': '8:30-18:0', 'Sunday': '8:30-18:0'}"
57526,A6R7tIKLHZQL8pnazzX7RA,Vinoy Park,501 5th Ave NE,St. Petersburg,FL,33705,27.7776235,-82.6259878,4.5,82,1,"{'GoodForKids': 'True', 'BikeParking': 'True', 'BusinessParking': ""{'garage': False, 'street': True, 'validated': False, 'lot': True, 'valet': False}""}","Parks, Active Life","{'Monday': '6:30-19:30', 'Tuesday': '6:30-19:30', 'Wednesday': '6:30-19:30', 'Thursday': '6:30-19:30', 'Friday': '6:30-19:30', 'Saturday': '6:30-19:30', 'Sunday': '6:30-19:30'}"
57597,v0lU6_hAA1sa92DNWBHK4A,Urban Air Adventure Park - Reno,2210 Harvard Way,Reno,NV,89502,39.5025493287,-119.7838235646,4.0,110,1,"{'DogsAllowed': 'False', 'BusinessParking': ""{'garage': False, 'street': False, 'validated': False, 'lot': True, 'valet': False}"", 'GoodForKids': 'True', 'BusinessAcceptsCreditCards': 'True', 'ByAppointmentOnly': 'False'}","Active Life, Challenge Courses, Climbing, Trampoline Parks","{'Monday': '12:0-20:0', 'Tuesday': '16:0-20:0', 'Wednesday': '16:0-20:0', 'Thursday': '16:0-20:0', 'Friday': '16:0-20:0', 'Saturday': '12:0-20:0', 'Sunday': '12:0-20:0'}"
58218,rryEC-u2GnR0Z2_l_bUXtA,Andrew Jackson's Hermitage,4580 Rachel's Ln,Nashville,TN,37076,36.2150124,-86.6129494,4.5,290,1,"{'GoodForKids': 'True', 'WiFi': ""u'free'"", 'RestaurantsAttire': ""u'casual'"", 'ByAppointmentOnly': 'False', 'DogsAllowed': 'True'}","Arts & Entertainment, Local Flavor, Museums, Education, Tours, Elementary Schools, Landmarks & Historical Buildings, Historical Tours, Public Services & Government, Hotels & Travel","{'Monday': '0:0-0:0', 'Thursday': '9:0-17:0', 'Friday': '9:0-17:0', 'Saturday': '9:0-17:0', 'Sunday': '9:0-17:0'}"
61512,ALI7emV1MbnjytCsNzEqqQ,Bayshore Linear Park Trail,312 Bayshore Blvd,Tampa,FL,33606,27.9410903,-82.4595911,4.5,59,1,"{'GoodForKids': 'True', 'BusinessParking': ""{'garage': False, 'street': False, 'validated': False, 'lot': True, 'valet': False}"", 'DogsAllowed': 'True', 'ByAppointmentOnly': 'False', 'BikeParking': 'True'}","Parks, Active Life","{'Monday': '9:0-9:0', 'Tuesday': '9:0-9:0', 'Wednesday': '9:0-9:0', 'Thursday': '9:0-9:0', 'Friday': '9:0-9:0', 'Saturday': '9:0-9:0', 'Sunday': '9:0-9:0'}"
61538,5aOBHxCTNoJ6fhF6KFHSWQ,Cypress Point Park,5620 W Cypress St,Tampa,FL,33607,27.9507018006,-82.5451550736,4.0,67,1,"{'GoodForKids': 'True', 'BusinessAcceptsCreditCards': 'False', 'ByAppointmentOnly': 'False', 'BikeParking': 'True', 'BusinessParking': ""{'garage': False, 'street': False, 'validated': False, 'lot': True, 'valet': False}"", 'DogsAllowed': 'True'}","Parks, Active Life",
62336,DC4pCe58a8YwsgL_jUuwMQ,Titan Missile Museum,1580 W Duval Mine Rd,Sahuarita,AZ,85614,31.9027108,-110.9994226,4.5,203,1,"{'GoodForKids': 'True', 'ByAppointmentOnly': 'False', 'DogsAllowed': 'False'}","Landmarks & Historical Buildings, Museums, Arts & Entertainment, Public Services & Government","{'Monday': '9:45-17:0', 'Tuesday': '9:45-17:0', 'Wednesday': '9:45-17:0', 'Thursday': '9:45-17:0', 'Friday': '9:45-17:0', 'Saturday': '8:45-17:0', 'Sunday': '9:45-17:0'}"
63954,5Us-B-4XEzrysCQsSAnF9A,Tyler State Park,101 Swamp Rd,Newtown,PA,18940,40.232156,-74.976307,4.5,82,1,"{'GoodForKids': 'True', 'BusinessParking': ""{'garage': False, 'street': False, 'validated': False, 'lot': True, 'valet': False}"", 'DogsAllowed': 'True', 'BikeParking': 'True'}","Active Life, Disc Golf, Golf, Hiking, Parks","{'Monday': '8:0-18:0', 'Tuesday': '8:0-18:0', 'Wednesday': '8:0-18:0', 'Thursday': '8:0-18:0', 'Friday': '8:0-18:0', 'Saturday': '8:0-18:0', 'Sunday': '8:0-18:0'}"
65638,OmMzmi6Ny1sag3JlgBRcYw,Dilworth Park,1 S 15th St,Philadelphia,PA,19102,39.952505,-75.165131,4.5,60,1,"{'RestaurantsPriceRange2': '1', 'BusinessAcceptsCreditCards': 'True', 'RestaurantsDelivery': 'False', 'RestaurantsReservations': 'False', 'OutdoorSeating': 'False', 'GoodForKids': 'True', 'HasTV': 'False', 'RestaurantsGoodForGroups': 'True', 'RestaurantsTakeOut': 'False', 'DogsAllowed': 'True', 'BusinessParking': ""{'garage': False, 'street': False, 'validated': False, 'lot': False, 'valet': False}"", 'RestaurantsAttire': ""'casual'"", 'BikeParking': 'True'}","Parks, Shopping, Active Life, Shopping Centers","{'Monday': '6:0-1:0', 'Tuesday': '6:0-1:0', 'Wednesday': '6:0-1:0', 'Thursday': '6:0-1:0', 'Friday': '6:0-1:0', 'Saturday': '6:0-1:0', 'Sunday': '6:0-1:0'}"
66506,3woevNT4gDDZWTFf94qlCg,Elfreth's Alley,126 Elfreths Aly,Philadelphia,PA,19106,39.9527511597,-75.1424942017,4.5,61,1,,"Landmarks & Historical Buildings, Tours, Public Services & Government, Hotels & Travel","{'Tuesday': '10:0-17:0', 'Wednesday': '10:0-17:0', 'Thursday': '10:0-17:0', 'Friday': '10:0-17:0', 'Saturday': '10:0-17:0', 'Sunday': '12:0-17:0'}"
67151,e1L8B0LggAay_zp_s73sXA,Altitude Trampoline Park - Tampa,"4340 W Hillsborough Ave, Ste 350",Tampa,FL,33614,27.9944106,-82.51512646,4.0,53,1,"{'GoodForKids': 'True', 'BikeParking': 'False', 'DogsAllowed': 'False', 'BusinessParking': ""{'garage': False, 'street': False, 'validated': False, 'lot': True, 'valet': False}"", 'BusinessAcceptsCreditCards': 'True', 'WheelchairAccessible': 'True'}","Kids Activities, Climbing, Trampoline Parks, Active Life, Event Planning & Services, Party & Event Planning","{'Monday': '10:0-22:0', 'Tuesday': '10:0-22:0', 'Wednesday': '10:0-22:0', 'Thursday': '10:0-22:0', 'Friday': '10:0-18:0', 'Saturday': '12:0-23:0', 'Sunday': '11:0-21:0'}"
69149,7R5l6ScZ9c9UyTACMZp43Q,Creve Coeur Lake,2143 Creve Coeur Mill Rd,Saint Louis,MO,63146,38.7090893274,-90.4914665222,4.5,75,1,"{'GoodForKids': 'True', 'DogsAllowed': 'True', 'BikeParking': 'True', 'BusinessParking': ""{'garage': False, 'street': False, 'validated': False, 'lot': True, 'valet': False}""}","Hiking, Parks, Active Life","{'Monday': '8:0-20:30', 'Tuesday': '8:0-20:30', 'Wednesday': '8:0-20:30', 'Thursday': '8:0-20:30', 'Friday': '8:0-20:30', 'Saturday': '8:0-20:30', 'Sunday': '8:0-20:30'}"
69298,zafEaH7VOUkd8-9wFlnlmw,Jackson Square,506 C St Peter St,New Orleans,LA,70116,29.9574763287,-90.0629406498,4.5,453,1,"{'GoodForKids': 'True', 'BusinessAcceptsCreditCards': 'False', 'DogsAllowed': 'True', 'BikeParking': 'True', 'BusinessParking': ""{'garage': True, 'street': False, 'validated': False, 'lot': True, 'valet': False}"", 'ByAppointmentOnly': 'False'}","Parks, Active Life",
70766,gPnjAS3OArRGNCwMKSg_0Q,Delaware Memorial Bridge,US 40,Wilmington,DE,19802,39.689224,-75.519047,4.0,87,1,{'ByAppointmentOnly': 'False'},"Public Services & Government, Hotels & Travel, Landmarks & Historical Buildings, Transportation","{'Monday': '0:0-0:0', 'Tuesday': '0:0-0:0', 'Wednesday': '0:0-0:0', 'Thursday': '0:0-0:0', 'Friday': '0:0-0:0', 'Saturday': '0:0-0:0', 'Sunday': '0:0-0:0'}"
70995,73esU0u3hYIPPqCScAA2HQ,Centennial Park,2500 W End Ave,Nashville,TN,37203,36.149064,-86.811993,4.5,210,1,"{'BusinessParking': ""{'garage': False, 'street': True, 'validated': False, 'lot': True, 'valet': False}"", 'GoodForKids': 'True', 'BikeParking': 'True', 'ByAppointmentOnly': 'False', 'DogsAllowed': 'True'}","Active Life, Parks",
71305,2-qIaZy7A6WWXSPfyX60eA,Percy Warner Park,2500 Old Hickory Blvd,Nashville,TN,37221,36.055337,-86.890643,4.5,112,1,"{'GoodForKids': 'True', 'ByAppointmentOnly': 'False', 'BusinessAcceptsCreditCards': 'False', 'BusinessParking': ""{'garage': False, 'street': False, 'validated': False, 'lot': True, 'valet': False}"", 'BikeParking': 'True', 'DogsAllowed': 'True'}","Hiking, Active Life, Parks",
71812,MLAElwGFXThzlMP1vJ1gNQ,Old Idaho Penitentiary,2445 Old Penitentiary Rd,Boise,ID,83712,43.602805,-116.1619611,4.5,104,1,"{'GoodForKids': 'True', 'WiFi': ""u'no'"", 'DogsAllowed': 'False'}","Historical Tours, Hotels & Travel, Tours, Arts & Entertainment, Landmarks & Historical Buildings, Public Services & Government, Museums","{'Monday': '12:0-17:0', 'Tuesday': '12:0-17:0', 'Wednesday': '12:0-17:0', 'Thursday': '12:0-17:0', 'Friday': '12:0-17:0', 'Saturday': '12:0-17:0', 'Sunday': '12:0-17:0'}"
71947,aQZRMPH4ClppMCqfnshR9A,Cira Green,80 S 30th St,Philadelphia,PA,19104,39.9526731445,-75.183339,4.0,62,1,"{'DogsAllowed': 'True', 'BikeParking': 'True', 'BusinessParking': ""{'garage': True, 'street': True, 'validated': False, 'lot': True, 'valet': False}"", 'GoodForKids': 'True'}","Parks, Active Life","{'Monday': '7:0-20:0', 'Tuesday': '7:0-20:0', 'Wednesday': '7:0-20:0', 'Thursday': '7:0-20:0', 'Friday': '7:0-20:0', 'Saturday': '7:0-20:0', 'Sunday': '7:0-20:0'}"
72650,jNHYEB0ZbdVoa_zN5nOOUg,Sawgrass Lake Park,7400 25th St N,Saint Petersburg,FL,33702,27.841112,-82.669933,4.5,93,1,"{'GoodForKids': 'True', 'BikeParking': 'True', 'BusinessParking': ""{'garage': False, 'street': False, 'validated': False, 'lot': True, 'valet': False}"", 'DogsAllowed': 'True'}","Active Life, Hiking, Parks","{'Monday': '7:0-18:0', 'Tuesday': '7:0-18:0', 'Wednesday': '7:0-18:0', 'Thursday': '7:0-18:0', 'Friday': '7:0-18:0', 'Saturday': '7:0-18:0', 'Sunday': '7:0-18:0'}"
73288,Ib9HV7ekw459jM1Ksdiyiw,Independence Hall,520 Chestnut St,Philadelphia,PA,19106,39.9488980012,-75.1500296367,4.5,346,1,"{'ByAppointmentOnly': 'True', 'BusinessParking': ""{'garage': False, 'validated': False, 'street': False, 'lot': False, 'valet': False}""}","Public Services & Government, Landmarks & Historical Buildings","{'Monday': '8:30-17:0', 'Tuesday': '8:30-17:0', 'Wednesday': '8:30-17:0', 'Thursday': '8:30-17:0', 'Friday': '8:30-17:0', 'Saturday': '8:30-17:0', 'Sunday': '8:30-17:0'}"
73311,6U7yMMapY7sEe3EFDRtRBg,Weedon Island Preserve,1800 Weedon Dr NE,St. Petersburg,FL,33702,27.8477317,-82.6071116,4.5,81,1,"{'GoodForKids': 'True', 'BusinessAcceptsCreditCards': 'True', 'BikeParking': 'True', 'WheelchairAccessible': 'True', 'BusinessParking': ""{'garage': False, 'street': False, 'validated': False, 'lot': True, 'valet': False}"", 'DogsAllowed': 'False', 'WiFi': ""u'no'"", 'ByAppointmentOnly': 'False'}","Rafting/Kayaking, Arts & Entertainment, Hiking, Parks, Active Life, Cultural Center","{'Monday': '0:0-0:0', 'Tuesday': '7:0-18:0', 'Wednesday': '7:0-18:0', 'Thursday': '7:0-18:0', 'Friday': '7:0-18:0', 'Saturday': '7:0-18:0', 'Sunday': '7:0-18:0'}"
74279,UtWJ6ULL3Pw9B9LXw4uSNQ,One Liberty Observation Deck,1650 Market St,Philadelphia,PA,19103,39.952659,-75.1680966,4.0,160,0,"{'GoodForKids': 'True', 'ByAppointmentOnly': 'False', 'WheelchairAccessible': 'True', 'BusinessAcceptsCreditCards': 'True', 'WiFi': ""u'free'""}","Local Flavor, Venues & Event Spaces, Event Planning & Services, Public Services & Government, Landmarks & Historical Buildings, Tours, Hotels & Travel, Arts & Entertainment, Observatories","{'Tuesday': '10:0-15:0', 'Wednesday': '10:0-20:0', 'Thursday': '10:0-20:0', 'Friday': '10:0-20:0', 'Saturday': '10:0-15:0', 'Sunday': '10:0-20:0'}"
74858,aIHK5vqew7X2T3fDC57D3w,White River State Park,801 W Washington St,Indianapolis,IN,46204,39.7665083,-86.1706143,5.0,85,1,"{'GoodForKids': 'True', 'BikeParking': 'True', 'DogsAllowed': 'True', 'BusinessParking': ""{'garage': True, 'street': False, 'validated': False, 'lot': True, 'valet': False}"", 'WheelchairAccessible': 'True'}","Museums, Arts & Entertainment, Music Venues, Public Services & Government, Parks, Nightlife, Active Life, Landmarks & Historical Buildings","{'Monday': '5:0-23:0', 'Tuesday': '5:0-23:0', 'Wednesday': '5:0-23:0', 'Thursday': '5:0-23:0', 'Friday': '5:0-23:0', 'Saturday': '5:0-23:0', 'Sunday': '5:0-23:0'}"
78165,8D3-fpqW7R8hMujSCTdaiw,Hillsborough River State Park,15402 N US Hwy 301,Thonotosassa,FL,33592,28.14461,-82.224508,4.5,55,1,"{'BikeParking': 'True', 'DogsAllowed': 'True', 'BusinessParking': ""{u'valet': False, u'garage': False, u'street': False, u'lot': True, u'validated': False}"", 'GoodForKids': 'True'}","Parks, Swimming Pools, Active Life, Hiking, Fishing","{'Monday': '8:0-20:0', 'Tuesday': '8:0-20:0', 'Wednesday': '8:0-20:0', 'Thursday': '8:0-20:0', 'Friday': '8:0-20:0', 'Saturday': '8:0-20:0', 'Sunday': '8:0-20:0'}"
78574,XhdTyY6JKMFj29PEJx-zfw,Clark Park,43RD And Baltimore,Philadelphia,PA,19104,39.9495541,-75.2092403,4.5,71,1,"{'GoodForKids': 'True', 'ByAppointmentOnly': 'False', 'BusinessAcceptsCreditCards': 'False', 'DogsAllowed': 'True', 'BikeParking': 'True', 'BusinessParking': ""{'garage': False, 'street': True, 'validated': False, 'lot': False, 'valet': False}""}","Local Flavor, Parks, Active Life",
82573,fJjwvjGAqDgOILaJrX2WRw,The Historic New Orleans Collection,533 Royal St,New Orleans,LA,70130,29.957248,-90.065994,4.5,71,1,"{'GoodForKids': 'True', 'WiFi': ""u'free'"", 'ByAppointmentOnly': 'False', 'DogsAllowed': 'False'}","Landmarks & Historical Buildings, Arts & Entertainment, Public Services & Government, Tours, Museums, Hotels & Travel","{'Tuesday': '9:30-16:30', 'Wednesday': '9:30-16:30', 'Thursday': '9:30-16:30', 'Friday': '9:30-16:30', 'Saturday': '9:30-16:30', 'Sunday': '10:30-16:30'}"
84420,XjT5SB3cAzPWKGdjf8MCyA,Race Street Pier,Race St & N Columbus Blvd,Philadelphia,PA,19106,39.9532324138,-75.1398003101,4.5,51,1,"{'GoodForKids': 'True', 'BusinessParking': ""{'garage': True, 'street': True, 'validated': False, 'lot': True, 'valet': False}"", 'BikeParking': 'True'}","Parks, Active Life","{'Monday': '7:0-22:0', 'Tuesday': '7:0-22:0', 'Wednesday': '7:0-22:0', 'Thursday': '7:0-22:0', 'Friday': '7:0-22:0', 'Saturday': '7:0-22:0', 'Sunday': '7:0-22:0'}"
84425,L94oj4C7ulosrxPatm0OZg,Valley Forge National Historical Park,1400 N Outer Line Dr,King of Prussia,PA,19406,40.101055,-75.421996,4.5,188,1,"{'GoodForKids': 'True', 'BusinessParking': ""{'garage': False, 'street': False, 'validated': False, 'lot': True, 'valet': False}"", 'BikeParking': 'True'}","Landmarks & Historical Buildings, Parks, Public Services & Government, Active Life","{'Monday': '9:0-17:0', 'Tuesday': '9:0-17:0', 'Wednesday': '9:0-17:0', 'Thursday': '9:0-17:0', 'Friday': '9:0-17:0', 'Saturday': '9:0-17:0', 'Sunday': '9:0-17:0'}"
88331,ZF0tt7hn6WK3-aNWgtLcFA,Eastern State Penitentiary Historic Site,2027 Fairmount Ave,Philadelphia,PA,19130,39.9683684,-75.1726552,4.5,827,1,{'ByAppointmentOnly': 'False'},"Landmarks & Historical Buildings, Public Services & Government","{'Monday': '10:0-17:0', 'Tuesday': '10:0-17:0', 'Wednesday': '10:0-17:0', 'Thursday': '10:0-17:0', 'Friday': '10:0-17:0', 'Saturday': '10:0-17:0', 'Sunday': '10:0-17:0'}"
89766,1Mc_Reqnxhs0eHQFAhXVUQ,Citygarden,8TH And Market St,Saint Louis,MO,63101,38.626957,-90.19375,4.5,144,1,"{'GoodForKids': 'True', 'BusinessParking': ""{'garage': False, 'street': True, 'validated': False, 'lot': False, 'valet': False}"", 'BikeParking': 'True', 'ByAppointmentOnly': 'False', 'BusinessAcceptsCreditCards': 'False'}","Arts & Entertainment, Parks, Active Life",
90245,DEFte_S3i2EcRLH7XbWQZA,French Quarter,730 Dumaine St,New Orleans,LA,70116,29.9564159875,-90.066174709,4.0,222,1,"{'GoodForKids': 'True', 'ByAppointmentOnly': 'False'}","Local Flavor, Landmarks & Historical Buildings, Public Services & Government",
91221,7Iv-6B0EH-yVo5o_VnykWw,The National WWII Museum,945 Magazine St,New Orleans,LA,70130,29.942709,-90.070398,4.5,1637,1,"{'ByAppointmentOnly': 'False', 'GoodForKids': 'True', 'DogsAllowed': 'False', 'RestaurantsAttire': ""u'casual'""}","Hotels & Travel, Arts & Entertainment, Tours, Public Services & Government, Landmarks & Historical Buildings, Museums","{'Monday': '0:0-0:0', 'Tuesday': '8:0-18:0', 'Wednesday': '8:0-18:0', 'Thursday': '8:0-18:0', 'Friday': '8:0-18:0', 'Saturday': '8:0-18:0', 'Sunday': '8:0-18:0'}"
93445,MtEpw40QBJYMkDTbBBv5Ag,Schuylkill Banks,"2501 Walnut St, Ste 206",Philadelphia,PA,19103,39.9521288,-75.1807123,4.5,51,1,"{'GoodForKids': 'True', 'DogsAllowed': 'True', 'WheelchairAccessible': 'True', 'BikeParking': 'True', 'BusinessParking': ""{'garage': True, 'street': True, 'validated': False, 'lot': False, 'valet': False}""}","Boating, Parks, Active Life, Hotels & Travel, Tours",
94021,Q_Gw7v7jPL7yRinOaLCeOQ,Missouri History Museum,5700 Lindell Blvd,Saint Louis,MO,63112,38.6452993998,-90.2859020233,4.0,113,1,"{'GoodForKids': 'True', 'ByAppointmentOnly': 'False'}","Arts & Entertainment, Museums, Landmarks & Historical Buildings, Local Flavor, Public Services & Government","{'Monday': '10:0-17:0', 'Tuesday': '10:0-20:0', 'Wednesday': '10:0-17:0', 'Thursday': '10:0-17:0', 'Friday': '10:0-17:0', 'Saturday': '10:0-17:0', 'Sunday': '10:0-17:0'}"
94556,Wjv13Wi_9RPRJPg-uMkcRQ,Bicentennial Capitol Mall State Park,600 James Robertson Pkwy,Nashville,TN,37243,36.1680549,-86.7863334,4.5,83,1,"{'GoodForKids': 'True', 'DogsAllowed': 'True', 'BusinessAcceptsCreditCards': 'False', 'BikeParking': 'True', 'BusinessParking': ""{'garage': True, 'street': True, 'validated': False, 'lot': False, 'valet': False}""}","Tours, Walking Tours, Parks, Hotels & Travel, Active Life","{'Monday': '6:0-22:0', 'Tuesday': '6:0-22:0', 'Wednesday': '6:0-22:0', 'Thursday': '6:0-22:0', 'Friday': '6:0-22:0', 'Saturday': '6:0-22:0', 'Sunday': '6:0-22:0'}"
100308,FMlktQJPEqwinPMuUTi3ag,Truckee Riverwalk,300 W 1st St,Reno,NV,89503,39.5248276,-119.8169471,4.5,54,1,"{'BusinessParking': ""{'garage': True, 'street': True, 'validated': False, 'lot': False, 'valet': False}"", 'DogsAllowed': 'True', 'BikeParking': 'True', 'GoodForKids': 'True'}","Hiking, Fishing, Active Life, Parks",
100324,5fIG7laATvOIgsPPFevqXA,John Seigenthaler Pedestrian Bridge,,Nashville,TN,37203,36.16206601,-86.7721970061,4.5,111,1,{'GoodForKids': 'True'},"Landmarks & Historical Buildings, Local Flavor, Public Services & Government, Active Life, Hiking","{'Monday': '0:0-0:0', 'Tuesday': '0:0-0:0', 'Wednesday': '0:0-0:0', 'Thursday': '0:0-0:0', 'Friday': '0:0-0:0', 'Saturday': '0:0-0:0', 'Sunday': '0:0-0:0'}"
102191,yEpD89ZleLlqoxS-RTwoaw,Jean Lafitte National Historic Park and Preserve,6588 Barataria Blvd,Marrero,LA,70072,29.783941,-90.1154984,4.5,65,1,"{'GoodForKids': 'True', 'BusinessParking': ""{'garage': False, 'street': False, 'validated': False, 'lot': True, 'valet': False}"", 'BikeParking': 'True'}","Parks, Hiking, Boating, Active Life","{'Monday': '9:0-17:0', 'Tuesday': '9:0-17:0', 'Wednesday': '9:0-17:0', 'Thursday': '9:0-17:0', 'Friday': '9:0-17:0', 'Saturday': '9:0-17:0', 'Sunday': '9:0-17:0'}"
103830,LklDTDwgJLbUjd67ZKsvCg,Rittenhouse Square Park,1800 Walnut St,Philadelphia,PA,19103,39.949479455,-75.1718883762,4.5,246,1,"{'GoodForKids': 'True', 'BikeParking': 'True', 'ByAppointmentOnly': 'False', 'BusinessParking': ""{'garage': True, 'street': False, 'validated': False, 'lot': False, 'valet': False}"", 'DogsAllowed': 'True'}","Active Life, Local Flavor, Parks",
104680,--O3ip9NpXTKD4oBS1pY2A,Alameda Park,1400 Santa Barbara St,Santa Barbara,CA,93101,34.4283025212,-119.7053968432,4.5,65,1,"{'GoodForKids': 'True', 'BikeParking': 'True', 'BusinessParking': ""{'garage': False, 'street': True, 'validated': False, 'lot': False, 'valet': False}"", 'ByAppointmentOnly': 'False', 'WheelchairAccessible': 'True'}","Active Life, Parks","{'Monday': '8:0-20:0', 'Tuesday': '8:0-20:0', 'Wednesday': '8:0-20:0', 'Thursday': '8:0-20:0', 'Friday': '8:0-20:0', 'Saturday': '8:0-20:0', 'Sunday': '8:0-20:0'}"
108549,OOVV2JjUjkZUlsEh7q5DCQ,Kelly Drive,10 Kelly Dr,Philadelphia,PA,19130,39.969295957,-75.1847901312,4.5,55,1,"{'GoodForKids': 'True', 'BusinessParking': ""{'garage': False, 'street': False, 'validated': False, 'lot': False, 'valet': False}"", 'BikeParking': 'True'}","Active Life, Local Flavor, Public Services & Government, Landmarks & Historical Buildings",
108927,WjWDl782jABdLzUu9nof3g,Shelby Park,2021 Fatherland St,Nashville,TN,37206,36.1734353401,-86.7340259775,4.5,55,1,"{'GoodForKids': 'True', 'ByAppointmentOnly': 'False', 'DogsAllowed': 'True', 'BikeParking': 'True', 'BusinessParking': ""{'garage': False, 'street': False, 'validated': False, 'lot': True, 'valet': False}""}","Playgrounds, Active Life, Arts & Entertainment, Parks","{'Monday': '7:30-19:0', 'Tuesday': '7:30-19:0', 'Wednesday': '7:30-19:0', 'Thursday': '7:30-19:0', 'Friday': '7:30-19:0', 'Saturday': '7:0-19:0', 'Sunday': '7:0-19:0'}"
108993,al8kgRpXUYCpNRdavpcQhQ,Defy Indianapolis,8356 Masters Rd,Indianapolis,IN,46250,39.9082712173,-86.0472392189,4.0,54,1,"{'DogsAllowed': 'False', 'BusinessParking': ""{'garage': False, 'street': False, 'validated': False, 'lot': True, 'valet': False}""}","Trampoline Parks, Active Life, Aerial Fitness, Fitness & Instruction","{'Monday': '9:0-21:0', 'Tuesday': '9:0-21:0', 'Wednesday': '9:0-21:0', 'Thursday': '9:0-21:0', 'Friday': '9:0-0:0', 'Saturday': '9:0-0:0', 'Sunday': '11:0-19:0'}"
109900,wBCib_JxScMn2t2nKyZD5Q,Moreton Bay Fig Tree,100 W Montecito St,Santa Barbara,CA,93101,34.413371,-119.694268,4.5,77,1,{'GoodForKids': 'True'},"Local Flavor, Public Services & Government, Landmarks & Historical Buildings",
110864,y-rH2XmQD7PjlBjgbNnLEg,Fred Howard Park,1700 Sunset Dr,Tarpon Springs,FL,34689,28.152843,-82.786314,4.5,105,1,"{'GoodForKids': 'True', 'BusinessParking': ""{'garage': False, 'street': True, 'validated': False, 'lot': True, 'valet': False}"", 'BikeParking': 'True', 'ByAppointmentOnly': 'False', 'DogsAllowed': 'True'}","Parks, Active Life",
113789,z2FRDJSxRR3mmC9syR25xA,The Parthenon,2500 West End Ave,Nashville,TN,37203,36.1496746996,-86.813348713,4.0,464,1,"{'BusinessParking': ""{'garage': False, 'street': True, 'validated': False, 'lot': True, 'valet': False}"", 'GoodForKids': 'True', 'ByAppointmentOnly': 'False', 'RestaurantsAttire': ""u'casual'"", 'DogsAllowed': 'False', 'BikeParking': 'True'}","Art Museums, Active Life, Landmarks & Historical Buildings, Arts & Entertainment, Public Services & Government, Parks, Museums","{'Tuesday': '9:0-19:0', 'Wednesday': '9:0-19:0', 'Thursday': '9:0-19:0', 'Friday': '9:0-16:30', 'Saturday': '9:0-16:30', 'Sunday': '12:30-16:30'}"
114536,mdD_JS-xG5EX_QxVGD1dYw,Fairmount Park,4231 N Concourse Dr,Philadelphia,PA,19104,39.9987353985,-75.198543291,4.5,57,1,"{'GoodForKids': 'True', 'BikeParking': 'True', 'DogsAllowed': 'True', 'BusinessParking': ""{'garage': False, 'street': True, 'validated': False, 'lot': True, 'valet': False}""}","Active Life, Local Flavor, Parks",
114971,2mAiSk1LeHlNu4Iq5RH7Qw,Ridley Creek State Park,1023 Sycamore Mills Rd,Media,PA,19063,39.951174,-75.452064,4.5,81,1,"{'GoodForKids': 'True', 'DogsAllowed': 'True', 'BusinessParking': ""{'garage': False, 'street': False, 'validated': False, 'lot': True, 'valet': False}"", 'BikeParking': 'True'}","Hiking, Parks, Active Life",
118981,hvOWbFacsVZwFIAAXtN3BA,Cheekwood,1200 Forrest Park Dr,Nashville,TN,37205,36.0881153743,-86.8759382002,4.0,287,1,"{'GoodForKids': 'True', 'BusinessAcceptsCreditCards': 'True', 'BikeParking': 'True', 'BusinessParking': ""{'garage': False, 'street': False, 'validated': False, 'lot': True, 'valet': False}"", 'ByAppointmentOnly': 'False', 'RestaurantsPriceRange2': '2'}","Art Museums, Arts & Entertainment, Art Galleries, Shopping, Public Services & Government, Festivals, Landmarks & Historical Buildings, Museums, Cultural Center, Botanical Gardens, Venues & Event Spaces, Event Planning & Services","{'Tuesday': '9:0-17:0', 'Wednesday': '9:0-17:0', 'Thursday': '9:0-17:0', 'Friday': '9:0-17:0', 'Saturday': '9:0-17:0', 'Sunday': '9:0-17:0'}"
119796,0LxuT8BBARVrWLgIWG3JcQ,Louisiana State Museum - The Presbytre,751 Chartres St,New Orleans,LA,70116,29.9581837,-90.0634002,4.5,110,1,"{'GoodForKids': 'True', 'WiFi': ""u'no'""}","Arts & Entertainment, Public Services & Government, Landmarks & Historical Buildings, Museums","{'Tuesday': '10:0-16:30', 'Wednesday': '10:0-16:30', 'Thursday': '10:0-16:30', 'Friday': '10:0-16:30', 'Saturday': '10:0-16:30', 'Sunday': '10:0-16:30'}"
119832,6byjkJsPtms6I0h5tkxQ5A,Philippe Park,2525 Philippe Pkwy,Safety Harbor,FL,34695,28.0124304,-82.6828759,5.0,71,1,"{'GoodForKids': 'True', 'BusinessParking': ""{'garage': False, 'street': False, 'validated': False, 'lot': True, 'valet': False}"", 'BikeParking': 'True'}","Parks, Active Life","{'Monday': '7:0-20:30', 'Tuesday': '7:0-20:30', 'Wednesday': '7:0-20:30', 'Thursday': '7:0-20:30', 'Friday': '7:0-20:30', 'Saturday': '7:0-20:30', 'Sunday': '7:0-20:30'}"
121297,4zhRzZSDhRLYQL2SxBtnrQ,Hyde Park Village,744 South Village Cir,Tampa,FL,33606,27.9361534,-82.4751877,4.5,103,1,"{'BusinessAcceptsCreditCards': 'True', 'BikeParking': 'True', 'BusinessParking': ""{'garage': True, 'street': True, 'validated': False, 'lot': False, 'valet': True}"", 'GoodForKids': 'True', 'ByAppointmentOnly': 'False', 'DogsAllowed': 'True', 'RestaurantsPriceRange2': '2', 'BusinessAcceptsBitcoin': 'False', 'RestaurantsTakeOut': 'None', 'WheelchairAccessible': 'True'}","Food, Active Life, Parks, Shopping, Breweries, Shopping Centers","{'Monday': '10:0-20:0', 'Tuesday': '10:0-20:0', 'Wednesday': '10:0-20:0', 'Thursday': '10:0-20:0', 'Friday': '10:0-20:0', 'Saturday': '10:0-20:0', 'Sunday': '12:0-18:0'}"
122135,sTCXjyi4xsG4Mn6sZ0gPMw,Louis Armstrong Park,901 N Rampart St,New Orleans,LA,70116,29.962098,-90.067937,4.5,130,1,"{'RestaurantsPriceRange2': '1', 'GoodForKids': 'True', 'ByAppointmentOnly': 'False', 'DogsAllowed': 'True', 'BusinessParking': ""{'garage': False, 'street': True, 'validated': False, 'lot': False, 'valet': False}"", 'BikeParking': 'True'}","Parks, Active Life",
123045,742hWlXisoSxhGJmeJNkrg,Indianapolis Zoo,1200 W Washington St,Indianapolis,IN,46222,39.767444,-86.18073,4.0,365,1,"{'BusinessParking': ""{'garage': False, 'street': False, 'validated': False, 'lot': True, 'valet': False}"", 'GoodForKids': 'True', 'BusinessAcceptsCreditCards': 'True', 'WheelchairAccessible': 'True', 'BikeParking': 'True', 'ByAppointmentOnly': 'False', 'DogsAllowed': 'False', 'WiFi': ""u'free'"", 'RestaurantsAttire': ""u'casual'""}","Active Life, Shopping, Zoos, Botanical Gardens, Arts & Entertainment, Parks, Gift Shops, Event Planning & Services, Flowers & Gifts, Venues & Event Spaces","{'Monday': '0:0-0:0', 'Wednesday': '9:0-16:0', 'Thursday': '9:0-16:0', 'Friday': '9:0-16:0', 'Saturday': '9:0-16:0', 'Sunday': '9:0-16:0'}"
125098,YpKIjKgmnYM73dy9bS8wMg,Seaside Seabird Sanctuary,18328 Gulf Blvd,Indian Shores,FL,33785,27.8368998,-82.8365252,4.5,55,1,"{'BusinessParking': ""{'garage': False, 'street': False, 'validated': False, 'lot': True, 'valet': False}"", 'GoodForKids': 'True', 'BusinessAcceptsCreditCards': 'True', 'WheelchairAccessible': 'True', 'BikeParking': 'True'}","Pet Stores, Community Service/Non-Profit, Parks, Pets, Zoos, Animal Shelters, Active Life, Local Services","{'Monday': '8:0-16:0', 'Tuesday': '8:0-16:0', 'Wednesday': '8:0-16:0', 'Thursday': '8:0-16:0', 'Friday': '8:0-16:0', 'Saturday': '8:0-16:0', 'Sunday': '8:0-16:0'}"
126649,zzXDi0Pdv0s84M-oQaIa_g,Radnor Lake State Park,1160 Otter Creek Rd,Nashville,TN,37220,36.062764,-86.809891,4.5,205,1,"{'GoodForKids': 'True', 'BusinessParking': ""{'garage': False, 'street': False, 'validated': False, 'lot': True, 'valet': False}"", 'DogsAllowed': 'True', 'BikeParking': 'True'}","Hiking, Lakes, Museums, Parks, Arts & Entertainment, Active Life","{'Monday': '6:0-17:0', 'Tuesday': '6:0-17:0', 'Wednesday': '6:0-17:0', 'Thursday': '6:0-17:0', 'Friday': '6:0-17:0', 'Saturday': '6:0-17:0', 'Sunday': '6:0-17:0'}"
128520,kw7paWHs3zG0D4cc64bMVA,Menchie's,196 37th Ave N,St Petersburg,FL,33704,27.8069839478,-82.6352767944,4.5,61,0,"{'GoodForKids': 'True', 'BikeParking': 'True', 'BusinessAcceptsCreditCards': 'True', 'BusinessParking': ""{'garage': False, 'street': False, 'validated': False, 'lot': True, 'valet': False}"", 'WiFi': ""u'no'"", 'RestaurantsPriceRange2': '1', 'RestaurantsTakeOut': 'True', 'Caters': 'False', 'Alcohol': ""'none'"", 'RestaurantsDelivery': 'False'}","Ice Cream & Frozen Yogurt, Parks, Food, Active Life","{'Monday': '12:0-22:0', 'Tuesday': '12:0-22:0', 'Wednesday': '12:0-22:0', 'Thursday': '12:0-22:0', 'Friday': '12:0-23:0', 'Saturday': '12:0-23:0', 'Sunday': '12:0-22:0'}"
128545,r-qXw4hn_eRTUq4BL2DwvQ,Lettuce Lake Park,6920 E Fletcher Ave,Tampa,FL,33637,28.0720978643,-82.3706834521,4.5,198,1,"{'GoodForKids': 'True', 'BikeParking': 'True', 'BusinessParking': ""{'garage': False, 'street': False, 'validated': False, 'lot': True, 'valet': False}"", 'DogsAllowed': 'True'}","Parks, Hiking, Active Life","{'Monday': '8:0-18:0', 'Tuesday': '8:0-18:0', 'Wednesday': '8:0-18:0', 'Thursday': '8:0-18:0', 'Friday': '8:0-18:0', 'Saturday': '8:0-18:0', 'Sunday': '8:0-18:0'}"
129565,3UhSCgqvl444e4j3l4HXyQ,East Beach,1400 Cabrillo Blvd,Santa Barbara,CA,93190,34.4165908985,-119.6673613236,4.5,58,1,"{'GoodForKids': 'True', 'ByAppointmentOnly': 'False', 'BusinessParking': ""{'garage': False, 'street': True, 'validated': False, 'lot': True, 'valet': False}"", 'BusinessAcceptsCreditCards': 'False', 'BikeParking': 'True'}","Parks, Active Life, Swimming Pools, Beaches","{'Monday': '6:0-22:0', 'Tuesday': '6:0-22:0', 'Wednesday': '6:0-22:0', 'Thursday': '6:0-22:0', 'Friday': '6:0-22:0', 'Saturday': '6:0-22:0', 'Sunday': '6:0-22:0'}"
129999,XpaCc4fJxy-IxjeeG_Nucw,St Pete Pier,800 2nd Ave NE,St. Petersburg,FL,33701,27.7735814,-82.6221332,4.5,105,1,,"Public Services & Government, Active Life, Parks, Landmarks & Historical Buildings",
130781,40j_eQwVsvMH1Q_LfhSmsA,Caladesi Island State Park,1 Causeway Blvd,Dunedin,FL,34698,28.0569936764,-82.8236216664,4.5,101,1,"{'GoodForKids': 'True', 'BusinessParking': ""{'garage': False, 'street': False, 'validated': False, 'lot': False, 'valet': False}"", 'BikeParking': 'False', 'ByAppointmentOnly': 'False'}","Boating, Beaches, Active Life, Parks","{'Monday': '8:0-20:0', 'Tuesday': '8:0-20:0', 'Wednesday': '8:0-20:0', 'Thursday': '8:0-20:0', 'Friday': '8:0-20:0', 'Saturday': '8:0-20:0', 'Sunday': '8:0-20:0'}"
130800,nl60kTdUtKs8L_DfnD4i7A,George Steinbrenner Field,1 Steinbrenner Dr,Tampa,FL,33614,27.9798272,-82.5071038,4.0,103,1,"{'BusinessAcceptsCreditCards': 'True', 'GoodForKids': 'True', 'RestaurantsPriceRange2': '2', 'DogsAllowed': 'False', 'RestaurantsDelivery': 'False', 'ByAppointmentOnly': 'False', 'OutdoorSeating': 'True', 'Ambience': ""{'romantic': False, 'intimate': False, 'classy': False, 'hipster': False, 'divey': False, 'touristy': False, 'trendy': False, 'upscale': False, 'casual': False}""}","Active Life, Event Planning & Services, Stadiums & Arenas, Parks, Venues & Event Spaces, Arts & Entertainment","{'Monday': '9:0-18:0', 'Tuesday': '9:0-18:0', 'Wednesday': '9:0-18:0', 'Thursday': '9:0-18:0', 'Friday': '9:0-18:0', 'Saturday': '9:0-18:0', 'Sunday': '9:0-18:0'}"
132226,xJ94mk1nysWsKD-UtXlKIA,Truckee River RV Park,10068 Hirschdale Rd,Truckee,CA,96161,39.3827968373,-120.08374546,4.0,53,1,"{'BusinessParking': ""{'garage': False, 'street': False, 'validated': False, 'lot': True, 'valet': False}""}","Boating, Gas Stations, RV Parks, Active Life, Hotels & Travel, Automotive","{'Monday': '8:0-19:0', 'Tuesday': '8:0-19:0', 'Wednesday': '8:0-19:0', 'Thursday': '8:0-19:0', 'Friday': '8:0-19:0', 'Saturday': '8:0-19:0', 'Sunday': '8:0-19:0'}"
133548,4hdSKMhViv3knwCF9auwYA,Washington Square Park,W Washington Sq,Philadelphia,PA,19106,39.947059,-75.152342,4.5,100,1,"{'GoodForKids': 'True', 'DogsAllowed': 'True', 'BusinessParking': ""{'garage': False, 'street': True, 'validated': False, 'lot': False, 'valet': False}"", 'BikeParking': 'True'}","Active Life, Parks",
134436,PX_DTu46ZtRiqbF06mR1Lw,St. Louis Cemetery No. 2,320 N Claiborne Ave,New Orleans,LA,70112,29.9610341456,-90.0753838337,4.5,112,1,{'BusinessAcceptsCreditCards': 'False'},"Funeral Services & Cemeteries, Landmarks & Historical Buildings, Public Services & Government, Local Services, Local Flavor","{'Monday': '9:0-15:0', 'Tuesday': '9:0-15:0', 'Wednesday': '9:0-15:0', 'Thursday': '9:0-15:0', 'Friday': '9:0-15:0', 'Saturday': '9:0-15:0', 'Sunday': '9:0-12:0'}"
134506,4q2WFzo7z0jBjwUd08mWjQ,Cahokia Mounds,30 Ramey Dr,Collinsville,IL,62234,38.654488,-90.059664,4.5,65,1,"{'GoodForKids': 'True', 'BikeParking': 'True', 'WheelchairAccessible': 'True', 'BusinessParking': ""{'garage': False, 'street': False, 'validated': False, 'lot': True, 'valet': False}""}","Arts & Entertainment, Landmarks & Historical Buildings, Public Services & Government, Museums, Parks, Active Life","{'Monday': '0:0-0:0', 'Thursday': '9:0-17:0', 'Friday': '9:0-17:0', 'Saturday': '9:0-17:0', 'Sunday': '9:0-17:0'}"
135793,pL-RARJNh3KKuhdYuHkF3Q,Historic RCA Studio B,1611 Roy Acuff Pl,Nashville,TN,37203,36.149975,-86.7929605,4.5,88,1,"{'GoodForKids': 'True', 'BusinessAcceptsCreditCards': 'True'}","Tours, Public Services & Government, Hotels & Travel, Landmarks & Historical Buildings, Local Services, Recording & Rehearsal Studios, Historical Tours, Local Flavor","{'Monday': '10:30-14:30', 'Tuesday': '10:30-14:30', 'Wednesday': '10:30-14:30', 'Thursday': '10:30-14:30', 'Friday': '10:30-14:30', 'Saturday': '10:30-14:30', 'Sunday': '10:30-14:30'}"
140850,_O55MssQ2OcrMtJ-H4B9ZQ,Muttart Conservatory,9626 - 96a St,Edmonton,AB,T6C 4L8,53.5352775,-113.4772937,4.0,51,1,{'GoodForKids': 'True'},"Botanical Gardens, Public Services & Government, Arts & Entertainment, Local Flavor, Landmarks & Historical Buildings","{'Monday': '10:0-17:0', 'Tuesday': '10:0-17:0', 'Wednesday': '10:0-17:0', 'Thursday': '10:0-21:0', 'Friday': '10:0-17:0', 'Saturday': '10:0-17:0', 'Sunday': '10:0-17:0'}"
141956,NRl0ojADUOfKicof85bNBg,Farm Bureau Insurance Lawn At White River State Park,801 W Washington St,Indianapolis,IN,46204,39.7656923989,-86.1715642434,4.5,58,0,"{'BikeParking': 'True', 'Alcohol': ""u'full_bar'"", 'BusinessAcceptsCreditCards': 'True', 'OutdoorSeating': 'True', 'BusinessParking': ""{'garage': True, 'street': True, 'validated': False, 'lot': True, 'valet': False}"", 'HasTV': 'False', 'RestaurantsGoodForGroups': 'True', 'NoiseLevel': ""'very_loud'"", 'Ambience': ""{'romantic': False, 'intimate': False, 'classy': False, 'hipster': False, 'divey': False, 'touristy': False, 'trendy': False, 'upscale': False, 'casual': True}"", 'RestaurantsPriceRange2': '2', 'Music': ""{'dj': False, 'background_music': False, 'no_music': False, 'jukebox': False, 'live': True, 'video': False, 'karaoke': False}"", 'GoodForDancing': 'True', 'BestNights': ""{'monday': False, 'tuesday': False, 'friday': True, 'wednesday': False, 'thursday': True, 'sunday': False, 'saturday': True}"", 'GoodForKids': 'True', 'RestaurantsAttire': ""u'casual'""}","Performing Arts, Landmarks & Historical Buildings, Music Venues, Public Services & Government, Nightlife, Arts & Entertainment, Festivals",
142259,BxVBkSMTiYQO-AdMKvN7Mg,Chalmette Battlefield,8606 W St Bernard Hwy,Chalmette,LA,70043,29.941698,-89.987841,4.0,50,1,"{'BikeParking': 'True', 'BusinessParking': ""{'garage': False, 'street': False, 'validated': False, 'lot': False, 'valet': False}"", 'GoodForKids': 'True'}","Parks, Active Life, Public Services & Government, Landmarks & Historical Buildings","{'Monday': '14:0-3:0', 'Tuesday': '14:0-3:0', 'Wednesday': '14:0-3:0', 'Thursday': '14:0-3:0', 'Friday': '11:0-3:30', 'Saturday': '14:0-3:30', 'Sunday': '11:0-2:0'}"
142752,I_VsUwgQSkXqo1I2UjnhWA,Audubon Zoo,6500 Magazine St,New Orleans,LA,70118,29.9227816399,-90.1319861178,4.5,369,1,"{'GoodForKids': 'True', 'BusinessAcceptsCreditCards': 'True', 'BusinessParking': ""{'garage': True, 'street': False, 'validated': False, 'lot': False, 'valet': False}"", 'BikeParking': 'True', 'RestaurantsAttire': ""u'casual'"", 'ByAppointmentOnly': 'False'}","Active Life, Hotels & Travel, Zoos, Parks, Cinema, Tours, Aquariums, Arts & Entertainment, Planetarium","{'Wednesday': '10:0-16:0', 'Thursday': '10:0-16:0', 'Friday': '10:0-16:0', 'Saturday': '10:0-17:0', 'Sunday': '10:0-17:0'}"
143302,2o4GOsWEmcdwjgqnEw0w9A,Mount Lemmon,10300 Ski Run Rd,Tucson,AZ,85619,32.44752,-110.78166,4.5,86,1,"{'HasTV': 'False', 'NoiseLevel': ""u'average'"", 'RestaurantsAttire': ""'casual'"", 'RestaurantsDelivery': 'False', 'BusinessAcceptsCreditCards': 'True', 'RestaurantsGoodForGroups': 'True', 'Caters': 'False', 'RestaurantsReservations': 'False', 'OutdoorSeating': 'True', 'RestaurantsTakeOut': 'True', 'BusinessParking': ""{'garage': False, 'street': False, 'validated': False, 'lot': True, 'valet': False}"", 'RestaurantsPriceRange2': '2', 'GoodForKids': 'True', 'Alcohol': ""u'none'"", 'WiFi': ""u'no'"", 'BikeParking': 'True'}","Hotels & Travel, Ski Resorts, Parks, Active Life, Hiking",
144246,eBrjs8r9JXwv99dRvAAQFQ,EZ Air,895 E Patriot Blvd,Reno,NV,89511,39.459175,-119.776653,4.0,82,0,"{'GoodForKids': 'True', 'BikeParking': 'True', 'DogsAllowed': 'False', 'BusinessAcceptsCreditCards': 'True', 'ByAppointmentOnly': 'False', 'BusinessParking': ""{'garage': False, 'street': True, 'validated': False, 'lot': True, 'valet': False}""}","Recreation Centers, Trampoline Parks, Fitness & Instruction, Gyms, Active Life, Summer Camps, Laser Tag","{'Monday': '15:0-20:0', 'Tuesday': '15:0-20:0', 'Wednesday': '15:0-20:0', 'Thursday': '15:0-20:0', 'Friday': '15:0-22:0', 'Saturday': '10:0-22:0', 'Sunday': '10:0-20:0'}"
144912,xVFNGIsWBTcYmKB85HH6Qg,Fonthill Castle,525 East Court St,Doylestown,PA,18901,40.3211053498,-75.123005801,4.5,58,1,"{'ByAppointmentOnly': 'False', 'DogsAllowed': 'False', 'GoodForKids': 'True'}","Museums, Landmarks & Historical Buildings, Arts & Entertainment, Public Services & Government","{'Monday': '0:0-0:0', 'Tuesday': '10:0-15:0', 'Wednesday': '10:0-17:0', 'Thursday': '10:0-17:0', 'Friday': '10:0-17:0', 'Saturday': '10:0-17:0', 'Sunday': '10:0-17:0'}"
144925,0T5mai7FmUH06Tyv3rY17g,Sunshine Skyway Bridge,I-275,Saint Petersburg,FL,33711,27.623133,-82.657728,4.5,97,1,"{'RestaurantsPriceRange2': '4', 'ByAppointmentOnly': 'False'}","Landmarks & Historical Buildings, Public Services & Government",
145175,ARKtuM_CFDs427PjEXKwQw,Carnton,1345 Eastern Flank Cir,Franklin,TN,37064,35.9039645889,-86.8582539722,4.5,86,1,,"Public Services & Government, Landmarks & Historical Buildings, Venues & Event Spaces, Event Planning & Services","{'Monday': '9:0-17:0', 'Tuesday': '9:0-17:0', 'Wednesday': '9:0-17:0', 'Thursday': '9:0-17:0', 'Friday': '9:0-17:0', 'Saturday': '9:0-17:0', 'Sunday': '11:0-17:0'}"
146316,rhlfk44YVcOLZ-T0Vbat4g,Gateway Arch & Old Courthouse,11 N 4th St,Saint Louis,MO,63102,38.624901,-90.186317,4.0,65,1,"{'ByAppointmentOnly': 'True', 'GoodForKids': 'True', 'DogsAllowed': 'False', 'WiFi': ""u'no'""}","Landmarks & Historical Buildings, Public Services & Government, Museums, Tours, Hotels & Travel, Active Life, Parks, Arts & Entertainment","{'Monday': '0:0-0:0', 'Tuesday': '9:0-18:0', 'Wednesday': '9:0-18:0', 'Thursday': '9:0-18:0', 'Friday': '9:0-18:0', 'Saturday': '9:0-18:0', 'Sunday': '9:0-18:0'}"
146376,JK5y33Om4fm9sZ0IEvmRlQ,Smith Memorial Playground & Playhouse,3500 Reservoir Dr,Philadelphia,PA,19121,39.981734,-75.195622,4.5,108,1,"{'GoodForKids': 'True', 'DogsAllowed': 'False', 'BikeParking': 'True', 'BusinessParking': ""{'garage': False, 'street': True, 'validated': False, 'lot': True, 'valet': False}""}","Playgrounds, Active Life, Parks","{'Tuesday': '10:0-16:0', 'Wednesday': '10:0-16:0', 'Thursday': '10:0-16:0', 'Friday': '10:0-16:0', 'Saturday': '10:0-16:0', 'Sunday': '10:0-16:0'}"
147101,1sO-Ujuvs8igSyaD35xx4w,Audubon Park,6500 Magazine St,New Orleans,LA,70118,29.927591,-90.127686,4.5,161,1,"{'GoodForKids': 'True', 'DogsAllowed': 'True', 'BusinessParking': ""{'garage': False, 'street': True, 'validated': False, 'lot': False, 'valet': False}"", 'BikeParking': 'True', 'ByAppointmentOnly': 'False'}","Active Life, Parks","{'Monday': '5:0-22:0', 'Tuesday': '5:0-22:0', 'Wednesday': '5:0-22:0', 'Thursday': '5:0-22:0', 'Friday': '5:0-22:0', 'Saturday': '5:0-22:0', 'Sunday': '5:0-22:0'}"
147712,pUfq6nIUPCAXi8zYfLNtGA,Largo Central Park,101 Central Park Dr,Largo,FL,33771,27.9153218594,-82.7852804141,4.5,55,1,"{'GoodForKids': 'True', 'BikeParking': 'True', 'BusinessParking': ""{'garage': False, 'street': False, 'validated': False, 'lot': True, 'valet': False}""}","Active Life, Parks",
147936,fTMHVfgzXc5Atz1QHOE7Aw,Frenchmen Street Corridor,500-700 Frenchmen St,New Orleans,LA,70116,29.9625489,-90.0578077,4.5,107,1,{'GoodForKids': 'False'},"Landmarks & Historical Buildings, Local Flavor, Public Services & Government, Festivals, Arts & Entertainment","{'Monday': '0:0-0:0', 'Tuesday': '0:0-0:0', 'Wednesday': '0:0-0:0', 'Thursday': '0:0-0:0', 'Friday': '0:0-0:0', 'Saturday': '0:0-0:0', 'Sunday': '0:0-0:0'}"
148895,B_nllxux4qLBMzVHG_pq9w,National Museum of American Jewish History,101 S Independence Mall E,Philadelphia,PA,19106,39.9502433661,-75.1485609997,4.5,63,1,"{'GoodForKids': 'True', 'BusinessAcceptsCreditCards': 'True', 'BusinessParking': ""{'garage': True, 'street': True, 'validated': False, 'lot': False, 'valet': False}"", 'RestaurantsPriceRange2': '1', 'ByAppointmentOnly': 'False', 'BikeParking': 'True', 'WiFi': ""u'free'""}","Museums, Home & Garden, Arts & Entertainment, Jewelry, Landmarks & Historical Buildings, Religious Organizations, Home Decor, Shopping, Books, Mags, Music & Video, Bookstores, Public Services & Government","{'Monday': '0:0-0:0', 'Tuesday': '0:0-0:0', 'Wednesday': '0:0-0:0', 'Thursday': '0:0-0:0', 'Friday': '0:0-0:0', 'Saturday': '0:0-0:0', 'Sunday': '0:0-0:0'}"
149478,IwmH2zKv1K5GqJHDNk15hg,Idlewild Park,2055 Idlewild Dr,Reno,NV,89509,39.521821,-119.832961,4.5,69,1,"{'GoodForKids': 'True', 'BusinessAcceptsCreditCards': 'False', 'BikeParking': 'True', 'BusinessParking': ""{'garage': False, 'street': False, 'validated': False, 'lot': True, 'valet': False}"", 'DogsAllowed': 'True', 'ByAppointmentOnly': 'False'}","Active Life, Swimming Pools, Parks, Playgrounds",
149903,07Ypw3YPZtQ1rFZnCueeuw,Lafayette Park,2101 Park Ave,Saint Louis,MO,63104,38.6179274,-90.215598,4.5,50,1,"{'GoodForKids': 'True', 'BikeParking': 'True', 'BusinessParking': ""{'garage': False, 'street': True, 'validated': False, 'lot': True, 'valet': False}""}","Active Life, Parks",
150285,fWeWzB9STxcX40AgSEQVcw,Arizona-Sonora Desert Museum,2021 N Kinney Rd,Tucson,AZ,85743,32.2437325754,-111.1668148582,4.5,448,1,"{'GoodForKids': 'True', 'BusinessParking': ""{'garage': False, 'street': False, 'validated': False, 'lot': True, 'valet': False}"", 'BusinessAcceptsCreditCards': 'True', 'WiFi': ""u'free'"", 'WheelchairAccessible': 'True', 'ByAppointmentOnly': 'False', 'BikeParking': 'True', 'DogsAllowed': 'False'}","Parks, Zoos, Active Life, Botanical Gardens, Museums, Arts & Entertainment","{'Monday': '8:30-17:0', 'Tuesday': '8:30-17:0', 'Wednesday': '8:30-17:0', 'Thursday': '8:30-17:0', 'Friday': '8:30-17:0', 'Saturday': '8:30-17:0', 'Sunday': '8:30-17:0'}"
